"","Localidad","Clave","Captura","Desembarque"
"1","ISLA SAN PEDRO MARTIR ","4.0001","201132",NA
"2","ISLA SAN ESTEBAN ","4.0002","201128",NA
"3","LA VIBORA (I. ANGEL DE LA GUARDA) ","4.0003","201120",NA
"4","PUNTA SAN CARLOS (EL MAJON) ","4.0004","202019",NA
"5","BAHÍA SAN JUAN BAUTISTA ","4.0005",NA,NA
"6","PUNTA SAN JUAN BAUTISTA ","4.0006",NA,NA
"7","PUNTA PAULITO ","4.0007",NA,NA
"8","LA PALMITA (VARADERO) ","4.0008","202072",NA
"9","PUNTA LA LANGOSTERA ","4.0009",NA,NA
"10","SAN MIGUEL ( SUR DE BAH. LOS ANGELES) ","4.0010",NA,NA
"11","CABO SAN MIGUEL (PUNTA JERGA) ","4.0011",NA,NA
"12","BAHÍA SANTA TERESA (LOS PUERTECITOS) ","4.0012","207011",NA
"13","BOCA EL COLORADITO (LOS TAPEIXTITOS) ","4.0013",NA,NA
"14","EL BARRIL ","4.0014","202021 ","0201130"
"15","SAN JOSÉ (LOS MAPACHES) ","4.0015",NA,NA
"16","ENSENADA SAN JOSE ","4.0016","203000",NA
"17","ENSENADA BLANCA SUR G ","4.0017",NA,NA
"18","SAN FRANCISQUITO ","4.0018","202023",NA
"19","BAHÍA SAN FRANCISQUITO ","4.0019","201002",NA
"20","PUNTA SAN FRANCISQUITO ","4.0020",NA,NA
"21","ENSENADA LAS PALOMAS ","4.0021",NA,NA
"22","PIEDRA SAN ANTONIO ","4.0022","202023",NA
"23","CALA MUJERES ","4.0023","202017",NA
"24","PUNTA BALLENA ","4.0024","201118",NA
"25","ISLA SAN LORENZO ","4.0025","201127",NA
"26","ISLA LAS ANIMAS ","4.0026","201126",NA
"27","ISLA SALSIPUEDES ","4.0027","201125",NA
"28","CANAL SALSIPUEDES ","4.0028",NA,NA
"29","BAHÍA SAN RAFAEL GOLFO ","4.0029",NA,NA
"30","PLAYA SAN RAFAEL ","4.0030","201002 ","0202017"
"31","PUNTA BOCA GRANDE ","4.0031",NA,NA
"32","ISLA RAZA ","4.0032","201123",NA
"33","ISLA PARTIDA ","4.0033","201122",NA
"34","PUERTECITO DE EN MEDIO ","4.0034",NA,NA
"35","PIEDRA SAN BERNABE ","4.0035",NA,NA
"36","PUNTA LAS ANIMAS ","4.0036","201006",NA
"37","LAS ANIMAS ","4.0037","202022",NA
"38","BAHÍA LAS ANIMAS ","4.0038",NA,NA
"39","PUNTA EL SOLDADO ","4.0039",NA,NA
"40","ISLA EL RACITO ","4.0040",NA,NA
"41","ENSENADA EL ALACRÁN ","4.0041",NA,NA
"42","PUNTA EL ALACRÁN ","4.0042",NA,NA
"43","ENSENADA EL PESCADOR ","4.0043",NA,NA
"44","ISLA EL PESCADOR ","4.0044",NA,NA
"45","PUNTA EL PESCADOR ","4.0045","201001",NA
"46","EL QUEMADO","4.0046","201013",NA
"47","ENSENADA EL QUEMADO ","4.0047",NA,NA
"48","PUNTA DON JUAN ","4.0048",NA,NA
"49","BAHÍA DE LAS ANIMAS ","4.0049","201006",NA
"50","ISLA LOS GEMELITOS ","4.0050",NA,NA
"51","ISLA CABEZA DE CABALLO ","4.0051",NA,NA
"52","ISLA LA VENTANA ","4.0052",NA,NA
"53","ISLA EL BORREGO ","4.0053",NA,NA
"54","ISLA EL PIOJO ","4.0054",NA,NA
"55","ISLA LA CALAVERA ","4.0055",NA,NA
"56","PUNTA LA HERRADURA ","4.0056",NA,NA
"57","PUNTA ARENA ","4.0057","202020",NA
"58","PLAYA LA SILICA ","4.0058",NA,NA
"59","MORRO ","4.0059","201005",NA
"60","EL RINCON GOLFO ","4.0060",NA,NA
"61","PUERTO LOS CHOROS ","4.0061","201012",NA
"62","BAHÍA DE LOS ANGELES ","4.0062","201000 ","0201000"
"63","ENSENADA LA GRINGA ","4.0063",NA,NA
"64","PUNTA LA GRINGA ","4.0064","201005",NA
"65","ISLA CORONADO ","4.0065","201009",NA
"66","PUNTA CARDÓN ","4.0066",NA,NA
"67","LA CARDONOSA ","4.0067","201010",NA
"68","ISLA ALCATRAZ ","4.0068",NA,NA
"69","ENSENADA ALCATRAZ ","4.0069",NA,NA
"70","BAHÍA GUADALUPE ","4.0070","201006",NA
"71","PESCADORES (BAH. GUADALUPE) ","4.0071",NA,NA
"72","CAMPO COLORADO DE GUADALUPE ","4.0072",NA,NA
"73","ISLOTES DE SUR ","4.0073",NA,NA
"74","PUNTA COLORADA (I. ANGEL DE LA GUARDA) ","4.0074",NA,NA
"75","ISLA ESTANQUE ","4.0075",NA,NA
"76","PUNTA ROCOSA(I. ANGEL DE LA GUARDA.) ","4.0076",NA,NA
"77","ISLA GRANITO (NORTE I. ANGEL DE LA GUARDA.) ","4.0077",NA,NA
"78","ISLA NAVIO SUR (EN I. ANGEL DE LA G.)","4.0078",NA,NA
"79","ISLA NAVIO NORTE (EN ISLA ANGEL DE LA GUARDA)","4.0079",NA,NA
"80","PUNTA REFUGIO (EN ISLA ANGEL DE LA GUARDA) ","4.0080","201004",NA
"81","BAHÍA REFUGIO (EN ISLA ANGEL DE LA GUARDA) ","4.0081",NA,NA
"82","PUNTA MEJÍA (EN ISLA ANGEL DE LA GUARDA) ","4.0082",NA,NA
"83","ISLA MEJIA (EN I.ANGEL DE LA G.) ","4.0083",NA,NA
"84","ISLA ANGEL DE LA GUARDA ","4.0084","201003",NA
"85","CANAL DE BALLENAS ","4.0085",NA,NA
"86","PUNTA REMEDIOS ","4.0086",NA,NA
"87","PUNTA CANDELERO ","4.0087",NA,NA
"88","PUNTA EL MUERTO ","4.0088",NA,NA
"89","ENSENADA TECOLOTE ","4.0089",NA,NA
"90","PUNTA LA ASAMBLEA ","4.0090",NA,NA
"91","CAMPO BIOTICA","4.0091",NA,NA
"92","PUNTA ESCARPADA (PUNTA BLUFF) ","4.0092","202008",NA
"93","ENSENADA BLANCA CENTRO G ","4.0093",NA,NA
"94","CAMPO CALAMAJUE ","4.0094","202026 ","0202026"
"95","PUNTA PARAJE DE CHENCHO ","4.0095",NA,NA
"96","PUNTA FINAL ","4.0096","203020 ","0203020"
"97","LITORAL BAH. LOS ANGELES ","4.0097","201008",NA
"98","PUNTA LA TIJERETA ","4.0098",NA,NA
"99","BAHÍA SAN LUIS GONZAGA ","4.0099",NA,NA
"100","SAN LUIS GONZAGA ","4.0100","207001",NA
"101","RANCHO GRANDE ","4.0101",NA,NA
"102","ALFONSINA ","4.0102",NA,NA
"103","PUNTA ARENA ","4.0103",NA,NA
"104","ENSENADA SAN FRANCISQUITO ","4.0104",NA,NA
"105","ISLA WILLARD ","4.0105",NA,NA
"106","PUNTA WILLARD ","4.0106",NA,NA
"107","PAPÁ FERNÁNDEZ ","4.0107",NA,NA
"108","PLAYA EL FARO ","4.0108",NA,NA
"109","PUNTA BUFEO ","4.0109",NA,NA
"110","CAMPO PUNTA BUFEO ","4.0110",NA,NA
"111","LAS ENCANTADAS ","4.0111",NA,NA
"112","ISLA POMO ","4.0112",NA,NA
"113","ISLA SAN LUIS ","4.0113",NA,NA
"114","ISLA ENCANTADA ","4.0114",NA,NA
"115","ISLA LOBOS ","4.0115",NA,NA
"116","ENSENADA LAS PAREDES ","4.0116",NA,NA
"117","ENSENADA MIRAMAR ","4.0117",NA,NA
"118","ISLA MIRAMAR ","4.0118",NA,NA
"119","EL HUERFANITO ","4.0119","207012",NA
"120","ISLA HUERFANITO ","4.0120",NA,NA
"121","CAMPO NACHO ","4.0121",NA,NA
"122","CUESTA LA ROMA ","4.0122",NA,NA
"123","PUNTA VOLCAN PRIETO ","4.0123",NA,NA
"124","LA COSTILLA ","4.0124",NA,NA
"125","PLAYA CRISTINA ","4.0125",NA,NA
"126","PLAYA LA CASITA ","4.0126",NA,NA
"127","PUERTECITOS ","4.0127",NA,"0207011"
"128","PLAYAS NORTE DE PUERTECITOS ","4.0128",NA,NA
"129","PLAYA CURBINA ","4.0129",NA,NA
"130","PLAYA DE MINAS ","4.0130",NA,NA
"131","CAMPO DE TOVE ","4.0131",NA,NA
"132","PLAYA SAN FERMÍN ","4.0132",NA,NA
"133","CAMPO TOBA ","4.0133",NA,NA
"134","CAMPO SANTA TERESA ","4.0134",NA,NA
"135","CAMPO MATOMÍ ","4.0135",NA,NA
"136","LA VIOLETA ","4.0136",NA,NA
"137","CIMARRON","4.0137",NA,NA
"138","GOYOS ","4.0138",NA,NA
"139","EJIDO MATOMI ","4.0139","207003",NA
"140","LOS HERMANOS ","4.0140",NA,NA
"141","CAMPO CRISTINA ","4.0141",NA,NA
"142","CAMPO TURISTICO VALLARTA ","4.0142",NA,NA
"143","PLAYA DORADA ","4.0143",NA,NA
"144","CAMPO EL CONSUELO ","4.0144",NA,NA
"145","PUERTO SANTA CATARINA ","4.0145","202053 ","0202016"
"146","PLAYA SANTA CATARINA ","4.0146","202016",NA
"147","CAMPO LOS PULPOS ","4.0147",NA,NA
"148","PLAYA XANIC ","4.0148",NA,NA
"149","CAMPO FELIZ O PUNTA FELÍZ O SANTA CATARINA ","4.0149",NA,NA
"150","CAMPO LOS BURRITOS ","4.0150",NA,NA
"151","PLAYA GABRIELA ","4.0151",NA,NA
"152","PLAYA ADRIANA ","4.0152",NA,NA
"153","PLAYA SAN ANTONIO ","4.0153",NA,NA
"154","CAMPO CADENA ","4.0154",NA,NA
"155","PLAYA AGUA AZUL DE ACAPULCO ","4.0155",NA,NA
"156","PLAYA MÉXICO ","4.0156",NA,NA
"157","CAMPO GARCÍA ","4.0157",NA,NA
"158","CAMPO SANTA FE ","4.0158",NA,NA
"159","PLAYA PUNTA LOMA ","4.0159",NA,NA
"160","CAMPO ESMERALDA ","4.0160",NA,NA
"161","EL VERGEL ","4.0161",NA,NA
"162","LA ROCA ","4.0162",NA,NA
"163","PLAYA LINDA ","4.0163",NA,NA
"164","CAMPO LA JOLLA ","4.0164",NA,NA
"165","NUEVO MAZATLAN ","4.0165",NA,NA
"166","CAMPO MAYMA ","4.0166",NA,NA
"167","SAN CARLOS ","4.0167",NA,NA
"168","PLAYA HERMOSA ","4.0168",NA,NA
"169","BAHÍA SANTA MARÍA GOLFO ","4.0169",NA,NA
"170","PUNTA MARÍA GOLFO ","4.0170","202004",NA
"171","PLAYA EL PORVENIR ","4.0171",NA,NA
"172","LAGUNA PERCEBÚ ","4.0172",NA,NA
"173","ISLA SAN MARTÍN GOLFO ","4.0173","202030",NA
"174","COLONIA GUTIERREZ POLANCO ","4.0174",NA,NA
"175","PUNTA DIGGS ","4.0175",NA,NA
"176","DON PANCHO ","4.0176",NA,NA
"177","QUINTA PLAYA ","4.0177",NA,NA
"178","RANCHO PERCEBÚ ","4.0178",NA,NA
"179","PANCHOS PLACE ","4.0179",NA,NA
"180","CLUB DE PLAYA PATTY ","4.0180",NA,NA
"181","PUNTA ESTRELLA ","4.0181",NA,NA
"182","VISTA HERMOSA ","4.0182",NA,NA
"183","PLAYA ESTRELLA","4.0183",NA,NA
"184","RANCHO PUNTA ESTRELLA ","4.0184",NA,NA
"185","PUNTA RADAR ","4.0185",NA,NA
"186","EL FARO (ÁREA RESIDENCIAL) ","4.0186",NA,NA
"187","CAMPO SAN FERNANDO ","4.0187",NA,NA
"188","SAN FERNANDO ","4.0188",NA,NA
"189","HACIENDA ","4.0189",NA,NA
"190","SAN FRANCISCO ","4.0190",NA,NA
"191","LAS PALMAS ","4.0191",NA,NA
"192","MARINA RESORT ","4.0192",NA,NA
"193","PLAYA SAN FELIPE ","4.0193",NA,NA
"194","BAHÍA SAN FELIPE ","4.0194",NA,NA
"195","SAN FELIPE ","4.0195","207000 ","0207000"
"196","PUNTA EL MACHORRO ","4.0196",NA,NA
"197","ENSENADA BLANCA NORTE G ","4.0197",NA,NA
"198","CAMPO PESCADOR ","4.0198",NA,NA
"199","PLAYA BLANCA GOLFO ","4.0199",NA,NA
"200","PLAYA SOL ","4.0200",NA,NA
"201","PLAYA SAN DIEGO ","4.0201",NA,NA
"202","CAMPO PAI-PAI ","4.0202",NA,NA
"203","CAMPO HAWAII (PLAY. ESCUDERO) ","4.0203",NA,NA
"204","CAMPO LOS COMPADRES ","4.0204",NA,NA
"205","CLUB JACARANDAS ","4.0205",NA,NA
"206","CAMPO EL PARAISO ","4.0206",NA,NA
"207","CAMPO PERLA ","4.0207",NA,NA
"208","CAMPO JALISCO ","4.0208",NA,NA
"209","PLAYA GRANDE ","4.0209",NA,NA
"210","CAMPO LOS AMIGOS ","4.0210",NA,NA
"211","CAMPO DON ABEL ","4.0211","206003",NA
"212","VILLAS DE CORTÉZ ","4.0212",NA,NA
"213","DON ABEL ","4.0213","206003 ","0206003"
"214","EJIDO VALLE TRANQUILO ","4.0214","202034 ","0202034"
"215","VALLE TRANQUILO ","4.0215","202015",NA
"216","ESTERO PRIMERO ","4.0216",NA,NA
"217","RÍO COLORADO ","4.0217","206006",NA
"218","RÍO HARDY ","4.0218","206004 ","0206004"
"219","EL FARO GOLFO ","4.0219","202012",NA
"220","LA COLORADA ","4.0220","204009",NA
"221","LAGUNA SALADA ","4.0221","200601",NA
"222","MEXICALI ","4.0222","206000 ","0206000"
"223","TIJUANA ","1.0001","208000 ","0208000"
"224","PLAYAS TIJUANA ","1.0002",NA,NA
"225","COSTA CORONADO ","1.0003",NA,NA
"226","LA JOYA ","1.0004",NA,NA
"227","PUNTA BANDERA ","1.0005","208002",NA
"228","PUNTA LOS BUENOS ","1.0006",NA,NA
"229","REAL DEL MAR ","1.0007",NA,NA
"230","LOS DELFINES ","1.0008",NA,NA
"231","SAN ANTONIO DEL MAR ","1.0009",NA,NA
"232","PLAYA BLANCA ","1.0010",NA,NA
"233","BAJA MALIBU","1.0011",NA,NA
"234","ISLA SMITH DE CORONADO ","1.0012","201121",NA
"235","BAJA TRADE WINDS ","1.0013",NA,NA
"236","FRANCISCO TORRES ","1.0014",NA,NA
"237","VILLA LEPRO ","1.0015",NA,NA
"238","RANCHO DEL MAR ","1.0016",NA,NA
"239","EL OASIS ","1.0017",NA,NA
"240","BAJA DEL MAR ","1.0018",NA,NA
"241","SANTA MONICA SUR ","1.0019",NA,NA
"242","TERMOELÉCTRICA TIJUANA ","1.0020",NA,NA
"243","ROSARITO ","1.0021","208004",NA
"244","PLAYAS DE ROSARITO ","1.0022",NA,NA
"245","ISLOTE PIEDRA DE ROSARITO ","1.0023",NA,NA
"246","RENÉ ","1.0024",NA,NA
"247","MIRAMAR ","1.0025",NA,NA
"248","TIO SAM ","1.0026",NA,NA
"249","CASTILLOS DEL MAR ","1.0027",NA,NA
"250","RAUL ","1.0028",NA,NA
"251","PLAYA ENCANTADA ","1.0029",NA,NA
"252","ALFONSO LA BARCA ","1.0030",NA,NA
"253","EL MAÑANA ","1.0031",NA,NA
"254","COSTA DEL SOL ","1.0032",NA,NA
"255","CALETA ","1.0033",NA,NA
"256","BUENAVISTA ","1.0034",NA,NA
"257","PLAYA HERMOSA ","1.0035",NA,NA
"258","POPOTLA ","1.0036","203005",NA
"259","PLAYA ROSARITO POPOTLA ","1.0037","203009",NA
"260","PUNTA EL DESCANSO ","1.0038",NA,NA
"261","EL MORRO ","1.0039","208006",NA
"262","CALAFIA ","1.0040",NA,NA
"263","SANDINI ","1.0041",NA,NA
"264","CAMPO CARLOS ","1.0042",NA,NA
"265","ROSAMAR ","1.0043",NA,NA
"266","LAS GAVIOTAS ","1.0044",NA,NA
"267","CANTILES ","1.0045",NA,NA
"268","ROCA PILÓN DE AZÚCAR ","1.0046",NA,NA
"269","PUERTO NUEVO ","1.0047","203006 ","0301029"
"270","LAS DUNAS ","1.0048",NA,NA
"271","BOCA EL DESCANSO ","1.0049",NA,NA
"272","BAHÍA EL DESCANSO ","1.0050",NA,NA
"273","EL CAMPITO ","1.0051","202019",NA
"274","PUNTA MEZQUITE ","1.0052",NA,NA
"275","CAMPO LÓPEZ ","1.0053","203007",NA
"276","SANTA MARIA CAMPO LÓPEZ ","1.0054","203021",NA
"277","PLAZA DEL MAR ","1.0055",NA,NA
"278","LOS ALISIOS ","1.0056",NA,NA
"279","BOCA LA MISIÓN ","1.0057",NA,NA
"280","LA SALINA ","1.0058","203009 ","0203053"
"281","PUNTA PIEDRA ","1.0059",NA,NA
"282","PUERTO SALINA ","1.0060",NA,NA
"283","BAJAMAR ","1.0061","203003",NA
"284","LAS OLAS ","1.0062",NA,NA
"285","JATAY ","1.0063","203010 ","0208001"
"286","COSTA AZUL ","1.0064",NA,NA
"287","RINCON DE BALLENAS ","1.0065","203003",NA
"288","PUNTA SALSIPUEDES ","1.0066",NA,NA
"289","SALSIPUEDES ","1.0067","203011",NA
"290","EL BONITO SALSIPUEDES ","1.0068","203001",NA
"291","EL MIRADOR ","1.0069","203004",NA
"292","PLAYA SALDAMANDO ","1.0070",NA,NA
"293","MIRADOR BALLENES","1.0071",NA,NA
"294","PUNTA SAN MIGUEL ","1.0072",NA,NA
"295","SAN MIGUEL ","1.0073","201131",NA
"296","SAN MIGUEL BAHIA DE LOS ANGELES","1.0074","203039",NA
"297","PLAYA EL SAUZAL ","1.0075","203001",NA
"298","EL SAUZAL ","1.0076","203010 ","0203010"
"299","VILLA DEL MAR ","1.0077",NA,NA
"300","LA PLAYA ","1.0078","207002",NA
"301","PUNTA MORRO (ENSENADA) ","1.0079",NA,NA
"302","MUELLE PESCA DEPORTIVA ","1.0080","203015 ","0203015"
"303","MUELLE","1.0081","207010","0207010"
"304","ENSENADA ","1.0082","203000 ","0203000"
"305","MERCADO NEGRO ","1.0083","203054 ","0203054"
"306","PUNTA ENSENADA ","1.0084",NA,NA
"307","PLAYA HERMOSA ","1.0085",NA,NA
"308","LOMA DORADA ","1.0086",NA,NA
"309","BAHÍA DE TODOS SANTOS ","1.0087",NA,NA
"310","ISLOTES TODOS SANTOS ","1.0088","203014",NA
"311","PLAYA CORONA ","1.0089",NA,NA
"312","NUEVA ESPAÑA ","1.0090",NA,NA
"313","EL FARO ","1.0091",NA,NA
"314","PLAYA ESTERO ","1.0092",NA,NA
"315","PUNTA ESTERO ","1.0093",NA,NA
"316","DOS MARES ","1.0094",NA,NA
"317","TRES HERMANOS ","1.0095",NA,NA
"318","ESTERO PUNTA BANDA ","1.0096","203015",NA
"319","MIRADOR EL RINCÓN ","1.0097","201011",NA
"320","EL RINCÓN ","1.0098","203050",NA
"321","BAHÍA TORRESCANO ","1.0099",NA,NA
"322","EL PAPALOTE ","1.0100","202016",NA
"323","LA BUFADORA ","1.0101",NA,NA
"324","PLAYA PUNTA BANDA ","1.0102","203015",NA
"325","PUNTA BANDA ","1.0103","203002",NA
"326","BAHÍA PAPALOTE ","1.0104",NA,NA
"327","VILLARINO ","1.0105",NA,NA
"328","CÁLETE ","1.0106",NA,NA
"329","LA JOYA ","1.0107",NA,NA
"330","BAHÍA EL PLAYÓN ","1.0108",NA,NA
"331","PUERTO ESCONDIDO ","1.0109",NA,NA
"332","PUERTO KENNEDY ","1.0110","203016",NA
"333","PUERTO DE ARBOLITOS ","1.0111","203019",NA
"334","MANEADERO/ LA JOYA ","1.0112","203002",NA
"335","EL ZEPELÍN ","1.0113",NA,NA
"336","PIEDRA BLANCA ","1.0114",NA,NA
"337","EL REBRO ","1.0115",NA,NA
"338","CORONEL ESTEBÁN CANTÚ ","1.0116",NA,NA
"339","BILLYS BLUFF","1.0117",NA,NA
"340","BAHÍA SOLEDAD ","1.0118",NA,NA
"341","PUNTA RIF ","1.0119",NA,NA
"342","PUNTA LOBERA ","1.0120",NA,NA
"343","ROCAS LA SOLEDAD ","1.0121",NA,NA
"344","CALAFIA ","1.0122",NA,NA
"345","EL PUERTO ","1.0123",NA,NA
"346","PUNTA SANTO TOMÁS ","1.0124",NA,NA
"347","PUERTO SANTO TOMÁS ","1.0125","203017",NA
"348","CALETA SANTO TOMÁS ","1.0126","203013",NA
"349","LA BOCANA ","1.0127","202020",NA
"350","PUNTA CLARA ","1.0128",NA,NA
"351","BOCANA ","1.0129","202032",NA
"352","PUNTA CHINA ","1.0130",NA,NA
"353","ROCAS LOS QUEQUIS ","1.0131",NA,NA
"354","PUNTA PRIETA ","1.0132",NA,NA
"355","PUNTA SAN JOSÉ ","1.0133","203048 ","0203048"
"356","PUNTA BLANCA O CAMPO DE EN MEDIO ","1.0134","202002",NA
"357","JUAN ESCUTIA ","1.0135",NA,NA
"358","SAN JUAN DE LAS PULGAS (VARADERO) ","1.0136","202021",NA
"359","PUNTA ROQUEÑA ","1.0137",NA,NA
"360","TAMPICO ","1.0138",NA,NA
"361","LA CALAVERA ","1.0139","202010 ","0203011"
"362","LAS PLAYITAS ","1.0140",NA,NA
"363","CAMPO PUNTA PIEDRA ","1.0141","203026",NA
"364","LA LOBERA ","1.0142","202039",NA
"365","LA PUNTA DEL CANON DE SANTA CRUZ","1.0143",NA,NA
"366","BAHÍA ALMEJA S ","1.0144",NA,NA
"367","PUNTA CABRAS ","1.0145",NA,NA
"368","EL DESTILADERO","1.0146",NA,NA
"369","LAS MINAS ","1.0147",NA,NA
"370","PUNTA O PUERTO SAN ISIDRO","1.0148","203023","0203023"
"371","ERENDIRA","1.0149","203024",NA
"372","EJIDO ERENDIRA","1.0150",NA,NA
"373","GUADALUPE","1.0151","201115",NA
"374","ROCA LA LOBERA","1.0152",NA,NA
"375","PESCADERO","1.0153","203012",NA
"376","VEINTISIETE DE ENERO","1.0154",NA,NA
"377","SAN ANTONIO DEL MAR ","1.0155",NA,NA
"378","PUNTA COLONET","1.0156","203012","0203012"
"379","CAMPO PINEDAS ","1.0157",NA,NA
"380","BAHÍA COLONET ","1.0158",NA,NA
"381","VILLA MORELOS ","1.0159",NA,NA
"382","CUATRO CASAS ","1.0160",NA,NA
"383","PUNTA SAN TELMO ","1.0161",NA,NA
"384","BOCANA SAN TELMO ","1.0162",NA,NA
"385","SAN JACINTO ","1.0163","203052",NA
"386","EJIDO RUBEN JARAMILLO ","1.0164","203057",NA
"387","MONTE DE CENIZAS ","1.0165","202029",NA
"388","LOS CHICHOS ","1.0166",NA,NA
"389","PUNTA SAN JACINTO ","1.0167","203065",NA
"390","CAMALÚ ","1.0168","202030 ","0202030"
"391","PUNTA CAMALÚ ","1.0169",NA,NA
"392","PUERTO PERICO ","1.0170","203051",NA
"393","SAN ANGEL ","1.0171",NA,NA
"394","BAHÍA CAMALÚ ","1.0172",NA,NA
"395","COSTA BRAVA","1.0173",NA,NA
"396","BAHÍA SAN RAMÓN ","1.0174",NA,NA
"397","CAMPO RAUL ","1.0175",NA,NA
"398","CAMPO ALMEJERO ","1.0176",NA,NA
"399","CAMPO SAN RAMÓN ","1.0177",NA,NA
"400","SAN QUINTIN (LITORALES) ","1.0178","202014",NA
"401","CAMPO SARABIA ","1.0179","203016",NA
"402","PLAYAS SAN RAMÓN ","1.0180","202009",NA
"403","PIEDRA SALIENTE ","1.0181","202033",NA
"404","ISLA SAN MARTIN","1.0182",NA,NA
"405","OLD MILL ","1.0183",NA,NA
"406","EL PAPALOTE","1.0184",NA,NA
"407","MOLINO VIEJO ","1.0185","202010","0202010"
"408","BAHÍA SAN QUINTIN","1.0186","202009",NA
"409","ESTERO SAN QUINTIN ","1.0187","202033",NA
"410","SAN QUINTIN ","1.0188",NA,NA
"411","PLAYA SAN QUINTIN","1.0189","202031",NA
"412","MUELLE MOLINO VIEJ ","1.0190","202035",NA
"413","SAN ANTONIO ","1.0191",NA,NA
"414","LA CHORERA","1.0192","202002","0202002"
"415","BRIGADO ALVARADO","1.0193",NA,NA
"416","OSTIONERO ","1.0194",NA,NA
"417","LOS VOLCANES","1.0195",NA,NA
"418","LA PLAYITA ","1.0196",NA,NA
"419","BAHIA FALSA","1.0197","202013",NA
"420","LITORAL BAHÍA FALSA","1.0198","202011 ","0202011"
"421","EL PEDREGAL ","1.0199","202036",NA
"422","CASTROS ","1.0200",NA,NA
"423","BAHÍA DE SAN QUENTIN","1.0201",NA,NA
"424","PUNTA CUCHILLA ","1.0202","202022",NA
"425","PUNTA CUCHILLO ","1.0203","202014",NA
"426","VOLCAN SUDOESTE","1.0204",NA,NA
"427","TE BAHIA FALSA EL CHU ","1.0205","202034","0202015"
"428","EL CHUTE ","1.0206","202015",NA
"429","EL SEIS ","1.0207",NA,NA
"430","MARINA ECOLOGICA ","1.0208",NA,NA
"431","PUNTA LAGUNA ","1.0209",NA,NA
"432","PLAYA SANTA MARIA","1.0210","202039",NA
"433","VILLA ORENDAIN ","1.0211",NA,NA
"434","EL PLAYÓN ","1.0212","202025",NA
"435","MISION PLAYA DE ORO","1.0213",NA,NA
"436","DINA ","1.0214",NA,NA
"437","PESQUERO PUNTA AZUFRE","1.0215",NA,NA
"438","MARISMA LA SALINA ","1.0216",NA,NA
"439","PUNTA AZUFRE ","1.0217","202003","0202003"
"440","BAHÍA SANTA MARIA","1.0218",NA,NA
"441","PUNTA ROCA ","1.0219",NA,NA
"442","EL PLAYA EL PABELLON","1.0220","202037",NA
"443","EL PABELLÓN ","1.0221","202024",NA
"444","PUNTA ENTRADA","1.0222",NA,NA
"445","PUNTA ALMARA ","1.0223",NA,NA
"446","CAMPO EL PABELLON","1.0224",NA,NA
"447","CABO SAN QUINTIN ","1.0225",NA,"0202033"
"448","EL SOCORRITO ","1.0226",NA,NA
"449","PLAYA EL SOCORRO","1.0227","202038",NA
"450","CALETA EL SOCORRO","1.0228","202040",NA
"451","PLAYA TRANQUILA ","1.0229",NA,NA
"452","EL CONSUELO ","1.0230",NA,NA
"453","EL CAMPITO ","1.0231","202019",NA
"454","PUNTA EL CAMPITO ","1.0232","203127",NA
"455","CAMPO VIEJO ","1.0233","202040",NA
"456","EL ISLOTE ","1.0234",NA,NA
"457","EL ROSARIO ","1.0235","202000 ","0202000"
"458","BOCANA EL ROSARIO ","1.0236",NA,NA
"459","PUNTA BAJA ","1.0236","202001 ","0202004"
"460","EL RAYADO ","1.0238","202038",NA
"461","CAMPO AGUA BLANCA ","1.0239","202047",NA
"462","PLAYA AGUA BLANCA ","1.0240","202005",NA
"463","ARROYO ANCHO ","1.0241","202018",NA
"464","LA RINCONADA (BAHÍA ROSARIO) ","1.0242","202007",NA
"465","ISLA SAN JERONIMO ","1.0243","202050",NA
"466","BAJO SACRAMENTO ","1.0244","202049",NA
"467","PUNTA SAN ANTONIO ","1.0245","202031",NA
"468","PUNTA SAN FERNANDO ","1.0246",NA,NA
"469","CAMPO NUEVO ","1.0247","202051 ","0202007"
"470","CALETA CAMPO NUEVO ","1.0248","202007",NA
"471","PUNTA PIEDRA ","1.0249","203008",NA
"472","PUERTO SAN CARLOS","1.0250","202052",NA
"473","BAHÍA SAN CARLOS ","1.0251",NA,"0312002"
"474","PUNTA SAN CARLOS ","1.0252",NA,NA
"475","PUERTO CATARINA ","1.0253",NA,NA
"476","SANTA CATARINA ","1.0254","202018",NA
"477","PUNTA CAMACHO ","1.0255",NA,NA
"478","PUNTA LA LOBERA ","1.0256",NA,NA
"479","PUNTA DE EN MEDIO ","1.0257",NA,NA
"480","PUNTA CANOAS ","1.0258","202054",NA
"481","ARROYO LA BOCANA ","1.0259","202008",NA
"482","PUERTO CANOAS","1.0260",NA,NA
"483","ACANTILADO LOS CANDELEROS","1.0261",NA,NA
"484","PUERTO MUJERES ","1.0262",NA,NA
"485","PUNTA LA PIEDRA AHOGADA","1.0263","202069",NA
"486","LOS MORROS","1.0264","202055",NA
"487","ISLOTE PIEDRA DE SAN JOSÉ","1.0265",NA,NA
"488","ESTERO SAN JOSE Y PUERTO SAN JOSE","1.0266","202012",NA
"489","ARROYO SAN JOSE","1.0267","201001",NA
"490","PUERTO SAN JOSE","1.0268","202056",NA
"491","PUERTO CUCHILLO ","1.0269","202057",NA
"492","PUNTA KEVINO ","1.0270",NA,NA
"493","BAHÍA CÓRBIN ","1.0271",NA,NA
"494","EL PUERTO DE LOS CHINOS","1.0272","202046",NA
"495","PLAYA BONITA KATE ","1.0273",NA,NA
"496","CAMPO NORTE (EN ISLA GUADALUPE)","1.0274","202041",NA
"497","PUNTA HOWARDO ","1.0275",NA,NA
"498","BAHÍA BLANCA ","1.0276","202059",NA
"499","PUNTA BLANCA ","1.0277",NA,NA
"500","ISLA DE GUADALUPE ","1.0278","203018",NA
"501","CAMPO ARROYITO (EN ISLA GUADALUPE) ","1.0279","202043",NA
"502","CAMPO PESQUERO JUAREZ ","1.0280","201116",NA
"503","BAHÍA SAN MARTIN ","1.0281","202043",NA
"504","CAMPO TEPEYAC O CAMPO OESTE (ISLA GUADALUPE) ","1.0282","202042",NA
"505","LITORAL PUNTA CONO ","1.0283","202060",NA
"506","PUNTA CONO (VARADERO) ","1.0284","202041",NA
"507","PUNTA MARÍA ","1.0285","201124",NA
"508","BAHÍA MARÍA ","1.0286",NA,NA
"509","EL CARDÓN ","1.0287","202042 ","0301011"
"510","PUNTA EL DIABLO BAHIA ","1.0288","202061",NA
"511","PUNTA EL DIABLO (VARADERO) ","1.0289","202028",NA
"512","CAMPO LIMA (EN ISLA GUADALUPE AL SUR)","1.0290","202044","0203018"
"513","PUNTA LOBOS ","1.0290",NA,NA
"514","PLAYA MARRÓN ","1.0292",NA,NA
"515","PUNTA PRIETA ","1.0293","202064",NA
"516","PUNTA ROCOSA ","1.0294",NA,NA
"517","PUERTO SAN ANDRES ","1.0295",NA,NA
"518","ISLA ADELAIDA ","1.0296",NA,NA
"519","PUNTA SANTA ROSALILLITA ","1.0297",NA,NA
"520","CALETA SANTA ROSALILLITA ","1.0298","202067",NA
"521","CAMPO SANTA ROSALILLITA ","1.0299","202013 ","0202013"
"522","BAHÍA SANTA ROSALILLITA ","1.0300",NA,NA
"523","EL MUERTITO O PUNTA ROSARITO","1.0301","202073",NA
"524","ARROYO EL MUERTITO ","1.0302","201004",NA
"525","PUNTA ROSARITO ","1.0303","201004",NA
"526","BAHÍA SAN RAFAEL ","1.0304","201007",NA
"527","LA PUNTITA (VARADERO) ","1.0305","202068",NA
"528","PUNTA EL TOMATAL ","1.0306","202075",NA
"529","EL TOMATAL (VARADERO) ","1.0307","202076",NA
"530","VARADERO DEL CARDÓN ","1.0308",NA,NA
"531","PLAYA PACHECO (EL VARADERO) ","1.0309",NA,NA
"532","RASPORIA ","1.0310","202078",NA
"533","EL WIDO ","1.0311","202077",NA
"534","3 TORRES ","1.0312","202080",NA
"535","EJIDO JOSE M. MORELOS Y PAVÓN ","1.0313","202024",NA
"536","VARADERO AGUAJITO","1.0314","202065",NA
"537","VARADERO ALTAMIRA","1.0315","202074",NA
"538","VARADERO DEL CARDÓN ","1.0317","202062",NA
"539","VARADERO LOS HOJITOS","1.0318","202063",NA
"540","BOLLITAS","1.0319","202066",NA
"541","SANTO DOMINGO (VARADERO PLAYA PACHECO)","1.0320","202081",NA
"542","SANTO DOMINGO (VARADERO PLAYA PACHECO)","1.0321","203045","0203045"
"543","TORRE MOCHA","1.0322","202082",NA
"544","MORRO SANTO DOMINGO","1.0323",NA,NA
"545","LA ABULONERA","1.0324",NA,NA
"546","LAGUNA MANUELO O EJIDO VILLA DE JESUS MARIA","1.0325","202005",NA
"547","VILLA DE JESUS MARIA","1.0326","210002",NA
"548","BAHIA SEBASTIAN VIZCAINO","1.0328",NA,NA
"549","PUERTO VENUSTIANO CARRANZA (LA ISLA)","1.0329",NA,NA
"550","PUERTO VIEJO","1.0330","210001",NA
"551","GUERRERO NEGRO ","1.0331","202035 ","0304001"
"552","MIDDLE ","1.0332",NA,NA
"553","9 FATHON ","1.0333",NA,NA
"554","SOUH KELP ","1.0334",NA,NA
"555","ROSARITO ROCK","1.0335",NA,NA
"556","FINGER BANCK ","1.0336",NA,NA
"557","SUGAR ROCK ","1.0337",NA,NA
"558","BANDA BANCK ","1.0338",NA,NA
"559","BANCO 51 ","1.0339",NA,NA
"560","ROCAS SODLEDAD ","1.0340",NA,NA
"561","COLONET BANCK ","1.0341",NA,NA
"562","ROCA BEN ","1.0342",NA,NA
"563","BAJO 15 BRAZAS ","1.0343",NA,NA
"564","BAJA BANCK ","1.0344",NA,NA
"565","ROCA ACME ","1.0345",NA,NA
"566","BANCO RANGER","1.0346",NA,NA
"567","CABO SAN LUCAS ","3.0001","302008 ","0302001"
"568","BAHÍA SAN LUCAS ","3.0002","302003",NA
"569","CALETA SANTA MARÍA ","3.0003","302026",NA
"570","PLAYA EL FARO ","3.0004","302017",NA
"571","EL TULE ","3.0005","302010",NA
"572","LOS CABOS AGUAS LITORALES ","3.0006","302027",NA
"573","PUNTA PALMILLA ","3.0007","302021",NA
"574","BAHÍA SAN JOSE DEL CABO ","3.0008","302002",NA
"575","SAN JOSE DEL CABO ","3.0009","302025",NA
"576","LAS SALINAS ","3.0010","302013",NA
"577","PUNTA GORDA ","3.0011","302020",NA
"578","EL ZACATON ","3.0012","302028",NA
"579","EL CARDONCITO SUR ","3.0013",NA,NA
"580","LA FORTUNA ","3.0014",NA,NA
"581","DOS BALLENAS ","3.0015",NA,NA
"582","RANCHO EL TIGRE ","3.0016",NA,NA
"583","CASA DEL FARO ","3.0017",NA,NA
"584","SAN LUIS ","3.0018",NA,NA
"585","BOCA DE LA VINORAMA ","3.0019",NA,NA
"586","PIEDRAS BOLAS ","3.0020","302016",NA
"587","BOCA DE TULE ","3.0021","302004 ","0302004"
"588","BOCA DEL SALADO ","3.0022",NA,NA
"589","SAN MARCOS ","3.0023",NA,NA
"590","MORRO LOS FRAILES ","3.0024","302015",NA
"591","BAHÍA LOS FRAILES ","3.0025","302001",NA
"592","LOS FRAILES ","3.0026","302014 ","0302014"
"593","CABO LOS FRAILES ","3.0027",NA,NA
"594","CABO PULMO ","3.0028","302007",NA
"595","LAS BARRANCAS LOS CABOS ","3.0029","302012",NA
"596","LAS LAGUNAS ","3.0030",NA,NA
"597","BOCA DE LOS TESOS ","3.0031",NA,NA
"598","EL RINCON GOLFO ","3.0032",NA,NA
"599","CABO DE HORNO ","3.0033",NA,NA
"600","PUNTA COLORADA LOS CABOS ","3.0034","302019",NA
"601","LA RIBERA ","3.0035","302011 ","0302011"
"602","BUENAVISTA (LOS CABOS) ","3.0036","302005 ","0302005"
"603","LOS BARRILES ","3.0037","305065 ","0305065"
"604","BAHÍA LAS PALMAS ","3.0038","305010",NA
"605","PUNTA PESCADERO GOLFO ","3.0039",NA,NA
"606","LAS TINAS ","3.0040",NA,NA
"607","EL CARDONAL (EN LA PAZ) ","3.0041","305027",NA
"608","SAN ISIDRO ","3.0042",NA,NA
"609","BOCA DE ALAMO ","3.0043","305014",NA
"610","BAHÍA LOS MUERTOS ","3.0044","305011",NA
"611","ENSENADA DE MUERTOS ","3.0045","305042",NA
"612","CAMPO PUNTA EL PERICO","3.0046","305022",NA
"613","CUEVA DE LEÓN ","3.0047","305024",NA
"614","PUNTA ARENA LA VENTANA ","3.0048","305079 ","0305079"
"615","ROCA MONTAÑA ","3.0049","305116",NA
"616","PUNTA SUR ","3.0050","305114",NA
"617","PIEDRAS GORDAS ","3.0051","305072",NA
"618","ISLA CERRALVO ","3.0052","305045",NA
"619","LA CARBONERA (I. CERRALVO) ","3.0053",NA,NA
"620","EL INFIERNITO (I. CERRALVO) ","3.0054",NA,NA
"621","LA VELA ","3.0055",NA,NA
"622","LA CARPINTERÍA (I. CERRALVO) ","3.0056",NA,NA
"623","EL LIMEÑO (I. CERRALVO) ","3.0057",NA,NA
"624","LOS SALTOS ","3.0058",NA,NA
"625","LA PALMILLA (I. CERRALVO) ","3.0059",NA,NA
"626","LA FORTUNA CERRALVO ","3.0060",NA,NA
"627","LAS GARZITAS CERRALVO ","3.0061",NA,NA
"628","LOS PAREDONES ","3.0062",NA,NA
"629","LAS VIEJAS ","3.0063",NA,NA
"630","PIEDRA BOLA ","3.0064",NA,NA
"631","LOS CAREYEROS (I. CERRALVO) ","3.0065",NA,NA
"632","LAS MINITAS CERRALVO ","3.0066",NA,NA
"633","LOS SAN JUANES ","3.0067",NA,NA
"634","LOS CARAPACHOS ","3.0068",NA,NA
"635","PLACER DE PILES ","3.0069",NA,NA
"636","LOS LAMENTOS ","3.0070",NA,NA
"637","LOS FRAILES CERRALVO ","3.0071",NA,NA
"638","CAÑADA LA LEÑA (I. CERRALVO) ","3.0072",NA,NA
"639","PAREDÓN PRIETO (I. CERRALVO) ","3.0073",NA,NA
"640","PAREDÓN AMARILLO CERRALVO ","3.0074",NA,NA
"641","PUNTA EL MOSTRADOR ","3.0075","305093",NA
"642","PUNTA EL LIMON ","3.0076","305092",NA
"643","PUNTA NORTE ","3.0077","305103",NA
"644","BAJO LA REINA O LA FOCA ","3.0078","305104",NA
"645","CANAL CERRALVO ","3.0079","305023",NA
"646","SALINAS ","3.0080","302024",NA
"647","BAHÍA LA VENTANA ","3.0081","305009",NA
"648","LA VENTANA ","3.0082","305128 ","0305128"
"649","EL SARGENTO ","3.0083","305037",NA
"650","PUNTA GORDA LA PAZ ","3.0084","305095",NA
"651","PLAYA LA SORPRESA ","3.0085","305075",NA
"652","LAS CRUCES GOLFO ","3.0086","305063",NA
"653","BAHÍA ROSARIO ","3.0087","305012",NA
"654","PLAYA EL CARACOL ","3.0088","305074",NA
"655","PUNTA PLAYA BLANCA ","3.0089","305107",NA
"656","PUERTO MEJIA ","3.0090","305078",NA
"657","PLAYA EL BULE ","3.0091","305073",NA
"658","PUNTA PAREDONES PRIETOS","3.0092","305104",NA
"659","AGUA DE LOS COYOTES ","3.0093","305001",NA
"660","PUNTA COYOTE PUERTO MEJIA ","3.0094","305089",NA
"661","ENSENADA EL PULGUERO ","3.0095","305043",NA
"662","PUNTA ARRANCA CABELLO ","3.0096","305080",NA
"663","PUNTA SAN LORENZO ","3.0097","305113",NA
"664","PUNTA PILITAS ","3.0098","305106",NA
"665","LOS AZABACHES ","3.0099","305064",NA
"666","EL TECOLOTE ","3.0100","305039",NA
"667","ESTERO PUERTO BALANDRA ","3.0101","305044",NA
"668","PICHILINGUE ","3.0102","305071 ","0305071"
"669","ISLA SAN JUAN NEPOMUCENO ","3.0103","305053",NA
"670","PUNTA COLORADA ","3.0104","305086",NA
"671","PLAYA ERENDIRA ","3.0105","305126",NA
"672","LA PAZ ","3.0106","305059 ","0305001"
"673","EL MOGOTE ","3.0107","305031",NA
"674","ENSENADA DE LA PAZ ","3.0108","305041",NA
"675","LA PAZ AGUAS LITORALES ","3.0109","305127",NA
"676","RODRIGUEZ ","3.0110","305117",NA
"677","EL QUELELE ","3.0111","305035",NA
"678","PUNTA EL LEON ","3.0112","305091",NA
"679","EL CAJETE ","3.0113","305026",NA
"680","PUNTA LOS TULES ","3.0114","305099",NA
"681","PUNTA YEPI ","3.0115","305115",NA
"682","EL SAUZOSO ","3.0116","305038",NA
"683","PUNTA CAMARÓN ","3.0117","305085",NA
"684","EL HUIZACHE ","3.0118",NA,NA
"685","SAN JUAN DE LA COSTA ","3.0119","305120 ","0305120"
"686","EL SALADITO ","3.0120","305036",NA
"687","LAS ANIMAS GOLFO ","3.0121","305062 ","0305062"
"688","PUNTA LUPONA ","3.0122","305100",NA
"689","PUNTA BONANZA ","3.0123","305082",NA
"690","PUNTA LOBOS ","3.0124","305097",NA
"691","PUNTA DISPENSA ","3.0125","305090",NA
"692","SAN GABRIEL ESPIRITU SANTO ","3.0126","305118",NA
"693","PUNTA PRIETA ESPIRITU SANTO ","3.0127","305108",NA
"694","PUERTO BALLENA ","3.0128","305077",NA
"695","ISLA LA GALLINA ","3.0129","305048",NA
"696","ISLA EL GALLO ","3.0130","305046",NA
"697","ISLA LA PARTIDA ","3.0131","305049",NA
"698","LOS ISLOTES ","3.0132","305069",NA
"699","ISLA ESPIRITU SANTO ","3.0133","305047",NA
"700","BAHÍA DE LA PAZ ","3.0134","305006 ","0305006"
"701","BAHÍA COYOTE ( LA PAZ) ","3.0135","305005",NA
"702","PUNTA COYOTE LA PAZ ","3.0136","305088 ","0305088"
"703","CAMPO EL COLORADO ","3.0137","305021",NA
"704","PUNTA CABEZA MECHUDA","3.0138","305083",NA
"705","PUNTA SALINAS ","3.0139","305110",NA
"706","ISLA SAN FRANCISCO ","3.0140","305051",NA
"707","EL PARDITO ","3.0141","305033 ","0305033"
"708","BAHÍA LA AMORTAJADA ","3.0142","305008",NA
"709","MINITAS (I. SAN JOSE) ","3.0143","305070",NA
"710","PUNTA ROJO (I. SAN JOSE) ","3.0144","305109",NA
"711","PALMA SOLA (I. SAN JOSE ) ","3.0145","305052",NA
"712","PUNTA COLORADA SAN JOSE ","3.0146","305087",NA
"713","PUNTA CALABOZO ","3.0147","305084",NA
"714","PUNTA SAN ISIDRO ","3.0148","305112",NA
"715","ISLA LAS ANIMAS ","3.0149","305050",NA
"716","ISLA SAN DIEGO ","3.0150","306011",NA
"717","ISLA SANTA CRUZ ","3.0151","306013",NA
"718","PUNTA SAN EVARISTO ","3.0152","305111 ","0305111"
"719","SAN ISIDRO SUR ","3.0153","305119",NA
"720","NOPOLO ","3.0154","306019",NA
"721","PUNTA NOPOLO ","3.0155","305102",NA
"722","CAMPO LOS BURRITOS ","3.0156","305066",NA
"723","LOS DOLORES ","3.0157","306018",NA
"724","BAHÍA DOLORES ","3.0158","305007",NA
"725","PUNTA BLANCA ","3.0159","306025",NA
"726","CARRIZALITO SUR ","3.0160","306003",NA
"727","ISLA LA HABANA ","3.0161","306008",NA
"728","PUNTA EL PUERTECITO ","3.0162","306034",NA
"729","PUNTA LA VIBORA ","3.0163","306037",NA
"730","PUNTA EL COCHI ","3.0164","306033",NA
"731","ISLA MORENA ","3.0165","306010",NA
"732","PUNTA BOCA DE SAN BRUNO ","3.0166","306026",NA
"733","PUNTA SAN TELMO ","3.0167","306044",NA
"734","CARRIZALITO ","3.0168","306003",NA
"735","SAN MATEO ","3.0169","306049",NA
"736","SANTA MARTA ","3.0170","306050",NA
"737","PUNTA PASQUEL ","3.0171","306041",NA
"738","PUERTO DE AGUA VERDE ","3.0172","306022 ","0306022"
"739","PUNTA ESTERO SAN COSME ","3.0173","306035",NA
"740","ISLA SANTA CATALINA ","3.0174","306012",NA
"741","ISLA MONSERRAT ","3.0175","306009",NA
"742","ISLOTE LOS GALLLEGOS ","3.0176","306014",NA
"743","PUNTA EL AGUILILLA ","3.0177","306032",NA
"744","BOCA SAN BRUNO ","3.0178","306029",NA
"745","ENSENADA BLANCA ","3.0179","306004 ","0306004"
"746","PUNTA EL PUERTECITO SUR ","3.0180","306034",NA
"747","LIGUI ","3.0181","306016 ","0306016"
"748","ISLA DANZANTE ","3.0182","306007",NA
"749","PUNTA BAJA ","3.0183","306024",NA
"750","ISLA CARMEN","3.0184","306005",NA
"751","BAHÍA SALINAS ","3.0185","306002",NA
"752","PUNTA PERICO ","3.0186","306042",NA
"753","PUNTA LA LANCHA ","3.0187","306036",NA
"754","PUNTA LOBOS GOLFO ","3.0188","306038",NA
"755","PUNTA TINTORERA ","3.0189","306046",NA
"756","PUNTA CHOYA ","3.0190","306029",NA
"757","LORETO AGUAS LITORALES ","3.0191","306051",NA
"758","ISLA CORONADOS ","3.0192","306006",NA
"759","PUERTO ESCONDIDO ","3.0193","306023",NA
"760","EL JUNCALITO ","3.0194","306015",NA
"761","NOTRI ","3.0195","306020",NA
"762","NOPOLO SUR ","3.0196","306019",NA
"763","LORETO ","3.0197","306017 ","0306017"
"764","PUNTA TIERRA FIRME ","3.0198","306045",NA
"765","SAN BRUNO LORETO ","3.0199","306047 ","0306047"
"766","PUNTA BOTELLA ","3.0200","306027",NA
"767","PUNTA MANGLES ","3.0201","306039",NA
"768","PUNTA MERCENARIOS ","3.0202","306040",NA
"769","PUNTA SAN BASILIO ","3.0203","306043",NA
"770","PUERTO ALMEJA ","3.0204","306021",NA
"771","SAN JUANICO GOLFO ","3.0205","306048 ","0306048"
"772","BAHÍA DE SAN JUANICO ","3.0206","306001",NA
"773","PUNTA PULPITO ","3.0207","312085",NA
"774","SAN MIGUEL ","3.0208","312107",NA
"775","PUNTA SAN ANTONIO ","3.0209","312088",NA
"776","SAN NICOLAS ","3.0210","312108",NA
"777","LA RAMADITA ","3.0211",NA,NA
"778","EL CARDONCITO ","3.0212",NA,NA
"779","SAN NICOLAS DOS ","3.0213",NA,NA
"780","BAHÍA SAN NICOLAS ","3.0214","312003",NA
"781","ISLA SAN ILDEFONSO ","3.0215","312039",NA
"782","PUNTA SANTA TERESA ","3.0216","312095",NA
"783","PUNTA COLORADITO ","3.0217","312066",NA
"784","PUNTA VERDE GOLFO ","3.0218","312100",NA
"785","PUNTA AMARILLA ","3.0219","312052",NA
"786","PUNTA PILARES ","3.0220","312082",NA
"787","ENSENADA LOS PILARES ","3.0221","312025",NA
"788","PUNTA CONCEPCION ","3.0222","312062",NA
"789","PUNTA PAREDON AMARILLO ","3.0223","312078",NA
"790","PUNTA HORNITOS ","3.0224","312071",NA
"791","PUNTA SANTO DOMINGO GOLFO ","3.0225","312096",NA
"792","PUNTA GUADALUPE ","3.0226","312070",NA
"793","BAHÍA CONCEPCIÓN ","3.0227","312001",NA
"794","PUNTA LAS TASAJERAS ","3.0228","312073",NA
"795","SANTA ROSALITA ","3.0229","312112",NA
"796","EL DELGADITO","3.0230","312038","0312038"
"797","PUNTA SANTA BARBARA ","3.0231","312092",NA
"798","PUNTA COYOTE LORETO ","3.0232","306030",NA
"799","ISLA COYOTE ","3.0233","312033",NA
"800","ISLA GUAPA ","3.0234","312035",NA
"801","ISLA LA PITAHAYA ","3.0235","312037",NA
"802","PUNTA PIEDRITA ","3.0236","312081",NA
"803","ISLA SAN RAMON ","3.0237","312041",NA
"804","PUNTA ARENA ","3.0238","312053",NA
"805","EL TIBURÓN ","3.0239","312020",NA
"806","ISLA EL GALLITO ","3.0240","312034",NA
"807","PUNTA GALLITO ","3.0241","312068",NA
"808","EL EQUIPALITO ","3.0242","312019",NA
"809","CAMPO EL SOMBRERITO ","3.0243","312012",NA
"810","ISLA LA CANGREJERA ","3.0244","312036",NA
"811","MULEGE ","3.0245","312051 ","0312051"
"812","PUNTA PRIETA II ","3.0246","312084",NA
"813","PUNTA COLORADA NORTE ","3.0247","312061",NA
"814","PUNTA RAZA ","3.0248","312087",NA
"815","LA FRIDERA GOLFO ","3.0249","312047 ","0312047"
"816","ESTERO MULEGE ","3.0250","312029",NA
"817","ISLA SANTA INES ","3.0251","312042",NA
"818","BAHÍA SANTA INES ","3.0252","312005",NA
"819","PUNTA SANTA INES ","3.0253","312093",NA
"820","EL MOJON ","3.0254","312113",NA
"821","PUNTA CACARIZO ","3.0255","312057",NA
"822","PUNTA CEROTITO ","3.0256","312059",NA
"823","LA TINAJA ","3.0257","312060",NA
"824","ENSENADA EL MUERTO ","3.0258","312022",NA
"825","PUNTA RANCHERO ","3.0259","312086",NA
"826","PUNTA ELIS ","3.0260","312067",NA
"827","PUNTA LOS TEPETATES ","3.0261","312075",NA
"828","PUNTA LA BOCANA ","3.0262","312072",NA
"829","SAN MARCOS TIERRA ","3.0263","312106",NA
"830","PUNTA GRANDE ","3.0264","312069",NA
"831","SAN BRUNO ","3.0265","312102 ","0312102"
"832","ROCA LOBOS ","3.0266","312101",NA
"833","CANAL SAN MARCOS ","3.0267","312014",NA
"834","CAMPO ISLA SAN MARCOS ","3.0268","312105",NA
"835","ENSENADA LA CHABELA ","3.0269","312023",NA
"836","PUNTA PIEDRA ","3.0270","312080",NA
"837","ISLA SAN MARCOS ","3.0271","312040",NA
"838","EL COLORADITO ","3.0272","312017 ","0312017"
"839","PUNTA BUFECHERO ","3.0273","312056",NA
"840","ESTERO SAN LUCAS ","3.0274","312031",NA
"841","SAN LUCAS ","3.0275","312104 ","0312104"
"842","PUNTA SAN LUCAS","3.0276","312089","0312089"
"843","SANTA ROSALIA AGUAS LITORALES ","3.0277","312114",NA
"844","SANTA ROSALIA ","3.0278","312111 ","0312111"
"845","EL CORRALON ","3.0279",NA,NA
"846","PALAPAS SANTA MARÍA ","3.0280",NA,NA
"847","RANCHO LOS TESOROS ","3.0281",NA,NA
"848","EL YESO ","3.0282",NA,NA
"849","SANTA MARÍA GOLFO ","3.0283","312110 ","0312110"
"850","PUNTA SANTA MARÍA ","3.0284","312094",NA
"851","PUNTA CANDELEROS ","3.0285","306028",NA
"852","ISLA TORTUGA ","3.0286","312043",NA
"853","PUNTA CANDELERO ROSALIA ","3.0287","312058",NA
"854","PUNTA CONTRABANDO ","3.0288","312063",NA
"855","PUNTA LOBERITA ","3.0289","312074",NA
"856","PUNTA CUEVITAS ","3.0290","312064",NA
"857","CABO VIRGENES ","3.0291","312011",NA
"858","PUNTA BAJA SANTA ROSALIA ","3.0292","312054",NA
"859","PUNTA CHIVATO ","3.0293","312091",NA
"860","BAHÍA SANTA ANA ","3.0294","312004",NA
"861","SANTA ANA ","3.0295","305122",NA
"862","LA TRINIDAD ","3.0296","312048",NA
"863","PUNTA TRINIDAD ","3.0297","312098",NA
"864","BAHÍA SAN CARLOS ","3.0298","312002",NA
"865","BAHIA SAN JUAN BAUTISTA","3.0299","304001",NA
"866","VIZCAINO AGUAS LITORALES ","2.0001","304038",NA
"867","LAS BALIZAS B.C.N. ","2.0002","304026",NA
"868","ESTERO LAGUNA MANUELA B.C.N. ","2.0003","304012",NA
"869","LA ISLITA B.C.N. ","2.0004","304021",NA
"870","PUERTO VIEJO VIZCAINO ","2.0005","304030",NA
"871","LAGUNA DE GUERRERO NEGRO ","2.0006","304023",NA
"872","GUERRERO NEGRO ","2.0007","304014",NA
"873","LAS CRUCES ","2.0008","304027",NA
"874","TORRE BLANCA ","2.0009","304035",NA
"875","CANAL ESPINAZO DEL DIABLO ","2.0010","304008",NA
"876","LA POCITA OJO DE LIEBRE ","2.0011","304022",NA
"877","CAMPO EL CHAPARRITO ","2.0012","304004",NA
"878","CAMPO SAN JOSE DE GRACIA ","2.0013","308028 ","0308028"
"879","CANAL EL RINCON DEL DATIL ","2.0014","304007",NA
"880","LAS ÁGUILAS ","2.0015",NA,NA
"881","PUNTA EL MUERTO ","2.0016","304031",NA
"882","MARISCAL ","2.0017","304028",NA
"883","ESTERO NORTE ","2.0018","304013",NA
"884","ISLOTE LA CHOYITA ","2.0019","304017",NA
"885","LA BANDERITA ","2.0020","304020",NA
"886","ISLOTE LA CONCHA ","2.0021","304018",NA
"887","BOCANA OJO DE LIEBRE ","2.0022","304003",NA
"888","ISLOTE EL ZACATOSO ","2.0023","304016",NA
"889","CAMPO EL DATIL ","2.0024","304005",NA
"890","ISLOTE LA PIEDRA ","2.0025","304019",NA
"891","LAGUNA OJO DE LIEBRE ","2.0026","304024",NA
"892","ISLOTE EL ALAMBRE ","2.0027","304015",NA
"893","SEGUNDO ARROYO ","2.0028","304034",NA
"894","VARADERO MALARRIMO ","2.0029","304036",NA
"895","PRIMER ARROYO ","2.0030","304029",NA
"896","PUNTA EL PATO ","2.0031","301031",NA
"897","PUNTA PAJARILLO ","2.0032","304032",NA
"898","PUNTA MALARRIMO ","2.0033","301038",NA
"899","ARROYO DE LOS INDIOS ","2.0034","301001",NA
"900","CAMPO MALARRIMO ","2.0035","301026 ","0301026"
"901","CAMPITO EL TAVO ","2.0036","301007",NA
"902","PRIMER CAMPITO ","2.0037","301045",NA
"903","EL CAMPITO ","2.0038","301010",NA
"904","CAMPITO EL CHEVO ","2.0039","301006",NA
"905","PUNTA DEL LOCO ","2.0040","301037",NA
"906","LOS HORNITOS ","2.0041","301023",NA
"907","HORNITOS NUEVOS ","2.0042","301015",NA
"908","CAMPO CHESTER ","2.0043","301008",NA
"909","PUNTA ELEFANTE","2.0044","301032",NA
"910","CANAL PUNTA EUGENIA ","2.0045","301009",NA
"911","BAJO DEL PERDIDO ","2.0046","301004",NA
"912","PIEDRA MARIA","2.0047","301042",NA
"913","ISLA NATIVIDAD","2.0048","301016","0301016"
"914","PIEDRA AHOGADA ","2.0049","301027",NA
"915","LOS MUERTITOS ","2.0050","301025",NA
"916","PUNTA EUGENIA ","2.0051","301033",NA
"917","PUNTA FALSA ","2.0052","301034",NA
"918","LA LOBERA ","2.0053","301018 ","0301018"
"919","EL CARDÓN ","2.0054","301011",NA
"920","CAMPO PUNTA QUEBRADA ","2.0055","301040 ","0301040"
"921","LA VIRGENCITA ","2.0056","301020",NA
"922","LA LOCA ","2.0057","301019",NA
"923","EL ZARGAZAL ","2.0058","301014",NA
"924","LA LEONA ","2.0059","301017",NA
"925","PUNTA ROMPIENTE ","2.0060","301041",NA
"926","PUNTA KELP ","2.0061","301035",NA
"927","PUNTA LA CANTINA ","2.0062","301036",NA
"928","LOS MORROS ","2.0063","301024",NA
"929","SAN BARTOLOME ","2.0064","301043",NA
"930","LOS ANEGADOS ","2.0065","301022",NA
"931","CABO TORTOLO ","2.0066","301005",NA
"932","BAHÍA TORTUGAS ","2.0067","301003 ","0301033"
"933","BAHÍA TORTUGAS AGUAS LITORALES ","2.0068","301046",NA
"934","PUNTA CLAM BAHIA ","2.0069","301030",NA
"935","PUERTO ESCONDIDO PACIFICO ","2.0070","301028 ","0301028"
"936","PUNTA MORRO HERMOSO ","2.0071","301039",NA
"937","EL RINCON ","2.0072","301013 ","0301013"
"938","LAS CASITAS ","2.0073","301021 ","301021"
"939","PUERTO NUEVO ","2.0074","301029",NA
"940","EL CONEJO ","2.0075","305029 ","0305029"
"941","SAN CRISTOBAL ","2.0076","301044 ","0301044"
"942","BAHÍA SAN CRISTOBAL ","2.0077","301002",NA
"943","SAN PABLO ","2.0078","313015",NA
"944","BAHÍA SAN PABLO ","2.0079","313004",NA
"945","PUNTA SAN ROQUE ","2.0080","313013",NA
"946","ISLA SAN ROQUE SUR ","2.0081","313007",NA
"947","SAN ROQUE ","2.0082",NA,NA
"948","BAHÍA SAN ROQUE ","2.0083","313005",NA
"949","BAHÍA SAN SEBASTIAN ","2.0084","304002",NA
"950","PUNTA ASUNCIÓN ","2.0085","313008",NA
"951","BAHÍA ASUNCIÓN AGUAS LITORALES ","2.0086","303018 ","0313002"
"952","BAHÍA ASUNCIÓN ","2.0087","313001",NA
"953","ISLA LA ASUNCIÓN ","2.0088","313006",NA
"954","PUNTA CHOROS ","2.0089","313009",NA
"955","PUNTA PRIETA SUR","2.0090","312083",NA
"956","PUNTA LOS LOBOS ","2.0091","313010",NA
"957","PUNTA SAN HIPOLITO ","2.0092","313012",NA
"958","SAN HIPOLITO ","2.0093","313014",NA
"959","SAN ROQUE SUR ","2.0094","313107",NA
"960","BAHÍA SAN HIPOLITO ","2.0095","313003",NA
"961","BOCA LA PITAHAYA ","2.0096","312009",NA
"962","ESTERO DE LA BOCANA ","2.0097",NA,NA
"963","SAN RAFAEL ","2.0098","313016",NA
"964","ROCA LAS BALLENAS ","2.0099","310012",NA
"965","LAS PIEDRITAS ","2.0100","310009",NA
"966","PUNTA ABREOJOS ","2.0101","310011 ","0310011"
"967","PUNTA ABREOJOS AGUAS LITORALES ","2.0102","310013",NA
"968","CAMPO DE ENMEDIO ","2.0103","310002",NA
"969","CEMENTERIO ","2.0104","310004",NA
"970","EL FARO ","2.0105","310005 ","0202012"
"971","LOS JUNCOS ","2.0106","310010",NA
"972","CAMPO RENE ","2.0107","310003",NA
"973","ESTERO EL COYOTE ","2.0108","310006",NA
"974","LAGUNA LA ESCONDIDA ","2.0109","310008 ","0310008"
"975","BAHÍA BALLENAS ","2.0110","310001",NA
"976","CANAL NORTE ","2.0111","312013",NA
"977","PUNTA PRIETA ","2.0112","313011 ","0313011"
"978","ENSENADA EL MAPACHE ","2.0113","312021",NA
"979","CANTIL CRISTAL ","2.0114","312016",NA
"980","LAGUNA DE SAN IGNACIO ","2.0115","312049 ","0312049"
"981","PUNTA PARMENTER ","2.0116","312079",NA
"982","ENSENADA LA CHOYA ","2.0117","312024",NA
"983","LA FREIDERA ","2.0118",NA,NA
"984","EJIDO LUIS ECHEVERRIA ","2.0119",NA,NA
"985","EL CARDÓN SUR ","2.0120",NA,NA
"986","SAN IGNACIO ","2.0121","312103",NA
"987","ESTERO SAN IGNACIO ","2.0122","312030",NA
"988","PUNTA VERDE ","2.0123","312099",NA
"989","ESTERO EL DELGADITO ","2.0124","312027",NA
"990","ESTERO EL CUARENTA ","2.0125","308034",NA
"991","JULIO VALENCIA ","2.0126","312046",NA
"992","ISLAS PELICANOS ","2.0127","312044",NA
"993","BAJO LA ALMEJA ","2.0128","312007",NA
"994","ISLOTE ABAROA ","2.0129","312045",NA
"995","LA BOCANA ","2.0130","310007",NA
"996","ESTERO EL CARDÓN ","2.0131","312026 ","0312026"
"997","ESTERO LA PITAHAYA ","2.0132","312028",NA
"998","LOS CARDONES ","2.0133","312050",NA
"999","PUNTA DELGADITO ","2.0134","312065 ","0312065"
"1000","CANAL SUR ","2.0135","312015",NA
"1001","PUNTA SUR GOLFO","2.0136","312097",NA
"1002","ISLA ANA","2.0137","312032",NA
"1003","PUNTA MALCOMB","2.0138","312076",NA
"1004","LAS PALMAS","2.0139","308059",NA
"1005","BOCANA RANCHO NUEVO","2.0140","308017",NA
"1006","CAMPO CAMALEON","2.0141","308021",NA
"1007","PORVENIR","2.0142","308065",NA
"1008","ESTERO SAN JUAN","2.0143","308043",NA
"1009","BATEQUE","2.0144","308026",NA
"1010","PUNTA SANTO DOMINGO","2.0145","308072",NA
"1011","SANTO DOMINGO","2.0146","308009",NA
"1012","ARROYO SAN REYNALDO","2.0147","308005",NA
"1013","ARROYO CADEJE","2.0148","308002",NA
"1014","PUNTA PEQUENA","2.0149","308070",NA
"1015","SAN JUANICO","2.0150",NA,NA
"1016","SAN JUANICO DOS","2.0151","308075",NA
"1017","BAHIA SAN JUANICO","2.0152","308008",NA
"1018","MEZQUITAL (ARROYO)","2.0153","308004",NA
"1019","LAGUNA DE SAN JUANICO","2.0154","308056",NA
"1020","LA BOCANA DE SAN GREGORIO","2.0155",NA,NA
"1021","PIEDRA RAJADA","2.0156",NA,NA
"1022","EL CHICHARRON","2.0157",NA,NA
"1023","ESTERO SAN GREGORIO","2.0158","308041",NA
"1024","LAS BARRANCAS","2.0159","308057","0308057"
"1025","BOCANA PABELLON","2.0160","308016",NA
"1026","ABULONERA DEL NORTE","2.0161","308001","0308001"
"1027","PUERTO SAN ANDRESITO","2.0162","308069","0308071"
"1028","ESTERO SAN JORGE","2.0163","308074","0308074"
"1029","ESTERO SAN RAFAEL","2.0164","308044",NA
"1030","SAN RAFAEL SUR","2.0165","308076",NA
"1031","LOS TRONCONES","2.0166","308063",NA
"1032","LAS POCITAS ESTERO SAN JORGE","2.0167","308060",NA
"1033","ESTERO SAN JORGE SUR","2.0168","308042",NA
"1034","CAMPO BUENAVISTA","2.0169","308019","0308019"
"1035","LAS TINAJAS","2.0170","308061",NA
"1036","ESTERO BUENAVISTA","2.0171","308032",NA
"1037","LA JICAMA","2.0172","308052",NA
"1038","PIAILABOTE","2.0173","308064",NA
"1039","EL HORCONCITO","2.0174","308029",NA
"1040","EL PARAISO","2.0175","308030",NA
"1041","SAN JACINTO","2.0176","308073",NA
"1042","BOCA SANTO DOMINGO","2.0177","308015","0202032"
"1043","BOCA LOS LEONES","2.0178","308014",NA
"1044","ESTERO EL VANADO","2.0179","308038",NA
"1045","BOCA DE LAS ANIMAS","2.0180","308013",NA
"1046","ESTERO EL GATO","2.0181","308036",NA
"1047","CANAL LA CANA","2.0182","308022",NA
"1048","LA FRUTILLA ","2.0183","308051",NA
"1049","BAHIA COMONDU","2.0184","308007",NA
"1050","LA POZA ","2.0185","308053 ","0308053"
"1051","ARROYO DE LA POZA ","2.0186","308003",NA
"1052","EL CAMPITO ESTERO SANTO DOMINGO ","2.0187","308027",NA
"1053","ESTERO SAN VICENTE ","2.0188","308045 ","0308045"
"1054","ESTERO DE SANTO DOMINGO ","2.0189","308033 ","0308033"
"1055","ESTERO ARROYO SANTO DOMINGO ","2.0190","308006 ","0308006"
"1056","ESTERO LAS VACAS ","2.0191","308039 ","0308039"
"1057","ESTERO BRAMONAS ","2.0192","308031",NA
"1058","ISLA MAGDALENA ","2.0193","308047",NA
"1059","CANAL LA SOLEDAD ","2.0194","308024",NA
"1060","BOCANITA DE SAN RAFAEL ","2.0195","308018",NA
"1061","LA SOLEDAD ","2.0196","308054",NA
"1062","BOCA LA SOLEDAD ","2.0197","308012 ","0308012"
"1063","CAMPO LAS BOTELLAS ","2.0198","308058",NA
"1064","ESTERO SANTA ELENITA ","2.0199","308046",NA
"1065","SANTA ELENITA ","2.0200","308077",NA
"1066","ESTERO EL CHIVO ","2.0201","308035",NA
"1067","LOS PRADOS ","2.0202","308062",NA
"1068","PUERTO ASTORGA ","2.0203","308068",NA
"1069","PUERTO ADOLFO LOPEZ MATEOS ","2.0204","308067 ","0308067"
"1070","ESTERO EL OTATE ","2.0205","308037",NA
"1071","ESTERO ISLOTES DE LOPEZ MATEOS ","2.0206","308040",NA
"1072","DATILES VERDES ","2.0207","308025",NA
"1073","ISLOTE PAULINO ","2.0208","308048",NA
"1074","LOPEZ MATEOS AGUAS LITORALES ","2.0209","308078",NA
"1075","ESTERO EL MANGLON ","2.0210","303010",NA
"1076","ESTERO LAS GUIRAS ","2.0211","303015",NA
"1077","LA CURVA DEL DIABLO ","2.0212","303021",NA
"1078","LA CURVA ","2.0213","303090",NA
"1079","CANAL SAN GIL ","2.0214","303003",NA
"1080","ISLOTE SAN GIL ","2.0215","308049",NA
"1081","ESTERO EL GARROTAZO ","2.0216","303009",NA
"1082","BAHÍA MAGDALENA ","2.0217","311003 ","0311003"
"1083","ESTERO PUNTA VERDE ","2.0218","303017",NA
"1084","PUNTA BALLENAS ","2.0219","311056",NA
"1085","ESTERO EL DATIL ","2.0220","303008",NA
"1086","ESTERO LAS TIJERAS ","2.0221","303016",NA
"1087","PUNTA EDIE ","2.0222","303025",NA
"1088","ISLA EL CONCHAL ","2.0223","303020",NA
"1089","ESTERO LA ESTUFA ","2.0224","303013",NA
"1090","LA FLORIDA ","2.0225","303022",NA
"1091","ESTERO SAN FERNANDO ","2.0226","303019",NA
"1092","ESTERO LA CRUZ ","2.0227","303012",NA
"1093","BANDERITAS","2.0228","303001","0303001"
"1094","CANAL PUNTA BANDERITAS ","2.0229","303002",NA
"1095","LAGUNA TLAQUE","2.0230","303024",NA
"1096","TRES ESTRELLAS LA MEXICANA ","2.0231","303026",NA
"1097","PUNTA ARENAS SAN CARLOS","2.0232","311055",NA
"1098","SAN CARLOS AGUAS LITORALES","2.0233","311078",NA
"1099","EL CEMENTERIO SAN CARLOS ","2.0234","311015",NA
"1100","PUNTA SAN CARLOS ","2.0235","311072",NA
"1101","ESTERO SAN CARLOS ","2.0236","311031 ","0311001"
"1102","PUNTA STERNS ","2.0237","311074",NA
"1103","CANAL SAN CARLOS ","2.0238","311012",NA
"1104","ESTERO UÑA DE GATA ","2.0239","311033",NA
"1105","PUERTO MAGDALENA ","2.0240","311051",NA
"1106","PUNTA COVE ","2.0241","311060",NA
"1107","PUNTA BELCHER ","2.0242","311057",NA
"1108","PUNTA ENTRADA ","2.0243","311062",NA
"1109","EL CABITO ","2.0244","311013",NA
"1110","PUNTA MAGDALENA ","2.0245","311067",NA
"1111","CABO CORZO ","2.0246","311008",NA
"1112","PUNTA DELGADA ","2.0247","311061",NA
"1113","BAHÍA SANTA MARÍA ","2.0248","311004",NA
"1114","PUNTA HUSHES ","2.0249","311063",NA
"1115","SAN LAZARO ","2.0250","311009 ","0311009"
"1116","SAN BUTO ","2.0251","311076 ","0311076"
"1117","PUNTA PAJÁRO ","2.0252","311068",NA
"1118","ESTERO LOS ISLOTES ","2.0253","311027",NA
"1119","ESTERO LAS BALSAS ","2.0254","303014",NA
"1120","ESTERO SAN BUTO ","2.0255","311030 ","0311030"
"1121","ESTERO EL TAMBOR ","2.0256","303011",NA
"1122","PAREDON AMARILLO PACIFICO ","2.0257","311043 ","0311043"
"1123","PAREDON ROJO ","2.0258","311044",NA
"1124","PUERTO SAN CARLOS ","2.0259","311052 ","0311029"
"1125","ESTERO EL CHISGUETE ","2.0260","303007",NA
"1126","EL CHISGUETE ","2.0261","303005",NA
"1127","ESTERO EL CURRY ","2.0262","311022",NA
"1128","ESTERO LA HERRADURA ","2.0263","311025 ","0311025"
"1129","MEDANO AMARILLO ","2.0264","311041",NA
"1130","LA HERRADURA ","2.0265","303023 ","0303023"
"1131","CIUDAD CONSTITUCION ","2.0266","303004",NA
"1132","PURTO ARGUDIN ","2.0267","311046",NA
"1133","ESTERO LAS BALIZAS ","2.0268","311026",NA
"1134","ESTERO SALINAS ","2.0269","311029",NA
"1135","PUNTA LA LENGUA ","2.0270","311066",NA
"1136","PUNTA ALGUATE ","2.0271","311054",NA
"1137","PUNTA ISHAM ","2.0272","311064",NA
"1138","PUERTO CANCUN ","2.0273","311047 ","0311047"
"1139","PUNTA GALLINITA","2.0274","311065",NA
"1140","LAGUNA TORTUGAS ","2.0275","311038",NA
"1141","PUNTA PICKETSON ","2.0276","311070",NA
"1142","ENSENADA EL CAYUCO ","2.0277","311077",NA
"1143","LAGO PALMER ESTERO EL CAYUCO ","    NA","311037",NA
"1144",NA,"    NA","311021",NA
"1145",NA,"    NA",NA,NA
"1146","ESTERO CANCUN ","2.0280","311018 ","0311018"
"1147","PUNTA PALOMETA ","2.0281","311069",NA
"1148","ENSENADA PALOMETA ","2.0282","311017",NA
"1149","ESTERO EL AHUEHUETE ","2.0283","311019",NA
"1150","ESTERO EL CAREY ","2.0284","311020",NA
"1151","LAS CUEVITAS ","2.0285","311039 ","0311039"
"1152","PUERTO VIEJO ","2.0286","311053",NA
"1153","ENSENADA LAGUNA DE LODO ","2.0287","311016",NA
"1154","ESTERO EL SOLDADO ","2.0288","311023",NA
"1155","ESTERO GRANDE ","2.0289","311024",NA
"1156","BAJO DEL ISLOTE ","2.0290","311006",NA
"1157","BAJO LA LAGUNITA ","2.0291","311007",NA
"1158","ESTERO SAN LAZARO ","2.0292","311032",NA
"1159","BAHÍA DE PUERTO CHALE ","2.0293","311048 ","0311048"
"1160","PUERTO CHALE ","2.0294",NA,NA
"1161","PARAJE EL CARDÓN ","2.0295","311042",NA
"1162","PUERTO DATIL ","2.0296","311050",NA
"1163","BAHÍA SANTA MARINA ","2.0297","311005",NA
"1164","PUNTA CONEJO ","2.0298","311059",NA
"1165","EL CAYUCO ","2.0299","311014 ","0311014"
"1166","BAHÍA LAS ALMEJAS ","2.0300","311002",NA
"1167","ISLA CRECIENTE ","2.0301","311034",NA
"1168","PUNTA SANTA MARINA GOLFO ","2.0302","311073",NA
"1169","CANAL REHUSA ","2.0303","311011",NA
"1170","CABO TOSCO ","2.0304","311010 ","0311010"
"1171","PUNTA TOSCA ","2.0305","311075",NA
"1172","PUERTO CORTEZ ","2.0306","311049",NA
"1173","PUNTA CISNE ","2.0307","311058",NA
"1174","ISLA SANTA MARGARITA ","2.0308","311036 ","0311002"
"1175","PUERTO ALCATRAZ ","2.0309","311045",NA
"1176","ARROYO HONDO ","2.0310","311001",NA
"1177","PUNTA REDONDA ","2.0311","311071",NA
"1178","AGUAS LITORALES DEL SUR ","2.0312","303028",NA
"1179","ESTERO RANCHO BUENO ","2.0313","311028",NA
"1180","EL DATIL ","2.0314","305030 ","0305030"
"1181","EL MANGLE ","2.0315",NA,NA
"1182","ARROYO DE GUADALUPE ","2.0316","305004",NA
"1183","BOCA DE FLOR DE MALVA ","2.0317","305015",NA
"1184","EL COYOTE ","2.0318","312018 ","0305007"
"1185","EL DATILAR ","2.0319",NA,NA
"1186","LA VIEJA","2.0320","305061",NA
"1187","EL TOMATE","2.0321","305040",NA
"1188","LA BALLENA","2.0322",NA,NA
"1189","LA AGUJA ","2.0323","305054",NA
"1190","PUNTA BENTONITA ","2.0324","305081",NA
"1191","PUNTA MARQUEZ ","2.0325","305101",NA
"1192","EL CEDRO ","2.0326","305028",NA
"1193","AGUA FRESCA ","2.0327","305002",NA
"1194","ARROYO SECO ","2.0328",NA,NA
"1195","SAN ISIDRO LAS PALMAS ","2.0329",NA,NA
"1196","SANTA MARIA ","2.0330",NA,NA
"1197","RANCHO LAS DELICIAS ","2.0331",NA,NA
"1198","RANCHO YORIGEOBE ","2.0332",NA,NA
"1199","CUNANO ","2.0333","305025",NA
"1200","EL PROGRESO ","2.0334","305034",NA
"1201","LA JOYA ","2.0335","305058",NA
"1202","CABEZA DE TORO ","2.0336","305020",NA
"1203","LOS INOCENTES ","2.0337","305068",NA
"1204","LA CUEVITA ","2.0338","305057",NA
"1205","RANCHO CHAPINGO ","2.0339",NA,NA
"1206","AGUA BLANCA ","2.0340",NA,"202005"
"1207","LAS PLAYITAS ","2.0341",NA,NA
"1208","LOS BAJOS ","2.0342",NA,NA
"1209","BAJO MORGAN ","2.0343","305013",NA
"1210","LA CRUZ ","2.0344","305056",NA
"1211","PUNTA SAN PEDRO ","2.0345","312090",NA
"1212","PUNTA LOBOS PACIFICO ","2.0346","305098 ","305098"
"1213","LOS DIFUNTOS ","2.0347","305067",NA
"1214","PUNTA PESCADERO ","2.0348","305105",NA
"1215","SAN PEDRITO ","2.0349","305121",NA
"1216","EL PALMAR ","2.0350","305032",NA
"1217","PUNTA GARRASPERO ","2.0351","305094",NA
"1218","PLUTARCO ELIAS CALLES ","2.0352","305076",NA
"1219","BOCA LAS MANZANILLAS ","2.0353","305019",NA
"1220","LA BALLENA NORTE ","2.0354","305055",NA
"1221","PUNTA LA TINAJA ","2.0355","305096",NA
"1222","LA TINAJA SAN RAFAEL ","2.0356","308055",NA
"1223","PUNTA POZO DE COTA ","2.0357","302022",NA
"1224","EL MIGRIÑO ","2.0358","302009",NA
"1225","POZO DE COTA ","2.0359",NA,NA
"1226","BOCA DE MARGARITA ","2.0360",NA,NA
"1227","BOCA DE SAN CRISTOBAL ","2.0361",NA,NA
"1228","BOCA DE PLAYITA ","2.0362","305016",NA
"1229","BOCA EL PALMERITO ","2.0363","305018",NA
"1230","BOCA DEL CARRIZAL ","2.0364","305017",NA
"1231","PUNTA SAN CRISTOBAL ","2.0365","302023",NA
"1232","CABO FALSO","2.0366","302006",NA
"1233","TODOS SANTOS ","2.0367","305123 ","305123"
"1234","EL BATEQUITO ","2.0368",NA,NA
"1235","LAS TUNAS ","2.0369",NA,NA
"1236","GULL ROCKS ","2.0370",NA,NA
"1237","ISLA ASUNCION ","2.0371",NA,NA
"1238","ISLA SAN ROQUE ","2.0372",NA,NA
"1239","CHARRO BANCK ","2.0373",NA,NA
"1240","LAS ANIMAS ","2.0374",NA,NA
"1241","ARRECIFE LAS FOCAS ","2.0375",NA,NA
"1242","SAN JAIME BANCO ","2.0376",NA,NA
"1243","FINGER BANCK ","2.0377",NA,NA
"1244","TIO SAM ","2.0378",NA,NA
"1245","ROCA NEGRA ","2.0379",NA,NA
"1246","ROCA SAN MARSIAL ","2.0380",NA,NA
"1247","ROCA BLANCA ","2.0381",NA,NA
"1248","BAJOS SAN PABLO ","2.0382",NA,NA
"1249","ROCA BALLENA ","2.0383",NA,NA
"1250","HUTCHINS BANCK ","2.0384",NA,NA
"1251","THETIS BANCO ","2.0385",NA,NA
"1252","MOORE BANCO ","2.0386",NA,NA
"1253","PETREL BANCO ","2.0387",NA,NA
"1254","LUSITANIA BANCO ","2.0388",NA,NA
"1255","GOLDEN BANK","2.0389",NA,NA
"1256","BOCA LA BAJA","5.0001",NA,NA
"1257","ISLA MONTAGUE","5.0002",NA,NA
"1258","ESTERO EL CHAVITO","5.0003",NA,NA
"1259","ISLA JORGE","5.0004",NA,NA
"1260","BOCA DE EN MEDIO","5.0005",NA,NA
"1261","ISLA PELICANO","5.0006",NA,NA
"1262","BOCA EL ABRIGO","5.0007",NA,NA
"1263","PLAYA EL MACHORRO","5.0008",NA,NA
"1264","PUNTA EL MACHORRO","5.0009",NA,NA
"1265","GOLFO DE SANTA CLARA","5.0010","2603001","2603001"
"1266","EL MACHORRO","5.0011","2603017",NA
"1267","LA PIEDRA","5.0012","2603015",NA
"1268","FRENTE AL TORNILLAL","5.0013","2603010",NA
"1269","EL TORNILLAL","5.0014","2603002","2603002"
"1270","SALINAS","5.0015",NA,NA
"1271","PLAYA ARENOSA","5.0016",NA,NA
"1272","BORRASCOSO","5.0017","2607032","2607032"
"1273","EL BORRASCOSO","5.0018","2603004",NA
"1274","ESTERO DE LAS LISAS","5.0019",NA,NA
"1275","BAHÍA ADAIR","5.0020","2607005",NA
"1276","SANTO DOMINGO","5.0021","2602013",NA
"1277","ESTERO CERRO PRIETO","5.0022",NA,NA
"1278","BAHÍA LA CHOYA","5.0023","2607012",NA
"1279","BAJOS PUNTA PELICANO","5.0024",NA,NA
"1280","LA CHOYA","5.0025","2607008","2607009"
"1281","PUNTA ROCA EL TORO","5.0026",NA,NA
"1282","PUNTA CABALLO DE LA CHOYA","5.0027",NA,NA
"1283","ESTERO LA CHOYA","5.0028",NA,NA
"1284","PUNTA PELICANO","5.0029",NA,NA
"1285","CABO LA CHOYA O CERRO PEÑASCO","5.0030",NA,NA
"1286","RECINTO PORTUARIO EN PEÑASCO","5.0031",NA,NA
"1287","CAMPO LA CHOYA","5.0032",NA,NA
"1288","PLAYA ARENOSA SUR","5.0033",NA,NA
"1289","PEÑASCO","5.0034","2607001",NA
"1290","PUERTO PEÑASCO","5.0035",NA,"2607001"
"1291","BAHÍA PUNTA PEÑASCO ZONA DE DESCARGA DE PUERTO","5.0036",NA,NA
"1292","ZONA DE DESCARGA DE PUERTO PEÑASCO","5.0037",NA,NA
"1293","PUNTA PEÑASCO","5.0038",NA,NA
"1294","PLAYA LAS OLAS","5.0039",NA,NA
"1295","LAS CONCHAS","5.0040",NA,NA
"1296","ESTERO DE MORUA","5.0041","2607014",NA
"1297","PLAYAS EL ENCANTO","5.0042",NA,NA
"1298","PLAYA NORTE GOLFO","5.0043",NA,NA
"1299","EL TIBURON","5.0044",NA,NA
"1300","PLAYA MIRAMAR","5.0045",NA,NA
"1301","ESTERO MORUA","5.0046",NA,NA
"1302","ESTERO LA PINTA","5.0047","2607018",NA
"1303","LA PINTA","5.0048","2607018",NA
"1304","PLAYA SAN JORGE","5.0049",NA,NA
"1305","ESTERO ALMEJAS","5.0050",NA,NA
"1306","ALMEJAS","5.0051",NA,NA
"1307","ESTERO DE LA ALMEJA","5.0052",NA,NA
"1308","BAHÍA SAN JORGE","5.0053","2607002","2607002"
"1309","PLAYA BAHÍA SAN JORGE","5.0054","2607013",NA
"1310","EL BURRO","5.0055","2603005",NA
"1311","BAHÍA SALINA","5.0056",NA,NA
"1312","PUNTA LA SALINA","5.0057",NA,NA
"1313","ISLA SAN JORGE","5.0058",NA,NA
"1314","LAS SALINAS NORTE","5.0059","2603003","2603003"
"1315","BARRA LAS SALINAS","5.0060",NA,NA
"1316","SALINAS SANTA RITA","5.0061",NA,NA
"1317","BARRA SAN FRANCISCO","5.0062",NA,NA
"1318","LA NUEVA ESPERANZA","5.0063",NA,NA
"1319","LA SOLEDAD","5.0064",NA,NA
"1320","PUNTA JAGUEY","5.0065",NA,NA
"1321","SANTO TOMAS","5.0066","2607003","2607003"
"1322","LOS DORADOS DE VILLA","5.0067",NA,NA
"1323","EL DESEMBOQUE","5.0068","2607010","2607010"
"1324","CAMPO PESQ. DESEMBOQUE","5.0069",NA,NA
"1325","BARRA LOS TANQUES","5.0070",NA,NA
"1326","LAS PLAYAS","5.0071","2607009",NA
"1327","PUERTO DE LOBOS O CABO LOBOS (PEÑASCO)","5.0072",NA,"2607007"
"1328","PUNTA CAВО ТЕРОСА","5.0073",NA,NA
"1329","SANTA MARÍA LIBERTAD","5.0074",NA,NA
"1330","SAN LORENZO","5.0075",NA,NA
"1331","BAHÍA TEPOCA (BAH. SAN LORENZO)","5.0076",NA,NA
"1332","ARROYO EL JULIO","5.0077",NA,NA
"1333","CAMPO JULIO","5.0078",NA,NA
"1334","PUNTA JULIO","5.0079",NA,NA
"1335","CERRO SANTA MARÍA","5.0080",NA,NA
"1336","LOBITOS","5.0081",NA,NA
"1337","CERRO BOLA","5.0082",NA,NA
"1338","CAMPO BOLA","5.0083",NA,NA
"1339","PUNTA TEPOCA","5.0084",NA,NA
"1340","PUERTO LIBERTAD","5.0085","2601001","2601001"
"1341","PUNTA CIRIOS","5.0086",NA,NA
"1342","EL SAGUARITO","5.0087",NA,NA
"1343","EL SAGUARO","5.0088","2604089",NA
"1344","EL COLORADO","5.0089","2611002",NA
"1345","EL COLORADITO","5.0090",NA,NA
"1346","LAS CUEVITAS","5.0091","2607006","2607006"
"1347","TORDILLO","5.0092",NA,NA
"1348","PUNTA TORDILLA","5.0093",NA,NA
"1349","MIRAMAR","5.0094","2604074",NA
"1350","LA MANCHA BLANCA","5.0095",NA,NA
"1351","САВО ТЕРОРА","5.0096","2607004",NA
"1352","PLAYA PUNTA TEPOPA","5.0097",NA,NA
"1353","EL DOLAR","5.0098",NA,NA
"1354","PUNTA SARGENTO","5.0099",NA,NA
"1355","ESTERO EL SARGENTO","5.0100",NA,NA
"1356","EL SARGENTO","5.0101","2611014","305037"
"1357","ISLA PATOS","5.0102","2611013",NA
"1358","SCPP SERI SCL","5.0103",NA,NA
"1359","BAHÍA EL SARGENTO, el tecomate","5.0104",NA,NA
"1360","PUNTA PERLA","5.0105",NA,NA
"1361","CANAL ISLA TIBURÓN","5.0106",NA,NA
"1362","PUNTA ARENAS","5.0107",NA,NA
"1363","PUNTA VIBORAS","5.0108",NA,NA
"1364","EL SACRIFICIO","5.0109",NA,NA
"1365","CANAL EL INFIERNILLO","5.0110","2611017",NA
"1366","PUNTA ONAS","5.0111",NA,NA
"1367","PUNTA TORTUGA","5.0112",NA,NA
"1368","ISLA DE TIBURON","5.0113","2611006",NA
"1369","CAMPO PUNTA CHUECA","5.0114",NA,NA
"1370","PUNTA CHUECA","5.0115","2611010",NA
"1371","PUNTA SAN MIGUEL","5.0116",NA,NA
"1372","LAS CALAVERAS","5.0117",NA,NA
"1373","PUNTA GRANITO","5.0118",NA,NA
"1374","ESTERO SANTA ROSA","5.0119",NA,NA
"1375","SANTA ROSA","5.0120","2611054",NA
"1376","PUNTA NARRAGNASETT","5.0121",NA,NA
"1377","BAHÍA TIE HITT","5.0122",NA,NA
"1378","PUNTA AST AH KEEM","5.0123",NA,NA
"1379","ISLA TURNERS","5.0124",NA,NA
"1380","ROCA LA FOCA","5.0125",NA,NA
"1381","PUNTA MONUMENTO","5.0126",NA,NA
"1382","ENSENADA DE LA CRUZ","5.0127","2611035",NA
"1383","PUNTA RISCO COLORADO","5.0128",NA,NA
"1384","ISLA SAN PEDRO MARTIR","5.0129",NA,NA
"1385","SAN ESTEBAN","5.0130","2611052",NA
"1386","ISLA SAN ESTEBAN","5.0131","2611009",NA
"1387","PUNTA WILLAR","5.0132",NA,NA
"1388","BAHÍA VAPORERA","5.0133",NA,NA
"1389","BAHÍA AGUA DULCE","5.0134",NA,NA
"1390","SAN MIGUEL","5.0135",NA,NA
"1391","BAHÍA KUNKAAK","5.0136",NA,NA
"1392","CAMPO PRIETO NUMERO DOS","5.0137",NA,NA
"1393","PUNTA BLANCA","5.0138",NA,NA
"1394","BOYLES","5.0139",NA,NA
"1395","SEGUNDO CERRO PRIETO","5.0140","2611012",NA
"1396","PUNTA IGNACIO","5.0141",NA,NA
"1397","KINO NUEVO","5.0142",NA,NA
"1398","CAMPO PRIETO","5.0143",NA,NA
"1399","PUNTA IGNACIO SUR","5.0144",NA,NA
"1400","PLAYAS KINO","5.0145",NA,NA
"1401","BALIZA","5.0146",NA,NA
"1402","ISLA ALCATRAZ","5.0147",NA,NA
"1403","KINO DEL MAR","5.0148",NA,NA
"1404","MONTECRISTO","5.0149",NA,NA
"1405","BAHÍA ΚΙΝΟ","5.0150","2611001",NA
"1406","PUNTA SANTA CRUZ","5.0151",NA,NA
"1407","CLUB DE YATES","5.0152",NA,NA
"1408","SALINA SAN CLEMENTE","5.0153",NA,NA
"1409","ESTERO SANTA CRUZ","5.0154","2611063",NA
"1410","PUNTA BLANCA CENTRO","5.0155",NA,NA
"1411","PUNTA HUESO DE BALLENA","5.0156","2611030",NA
"1412","SAN NICOLAS DE KINO","5.0157",NA,NA
"1413","PUNTA EL PEÑON","5.0158",NA,NA
"1414","PLAYA NORTE","5.0159",NA,NA
"1415","PUNTA ROCA","5.0160",NA,NA
"1416","PLAYA SUR","5.0161",NA,NA
"1417","PLAYA MEDIA LUNA","5.0162",NA,NA
"1418","EL SAHUIMARO","5.0163","2611005",NA
"1419","BALNEARIO ACAPULCO","5.0164",NA,NA
"1420","PUNTA LA SALIENTE","5.0165",NA,NA
"1421","PUNTA LA CRUZ","5.0166",NA,NA
"1422","PUNTA EL TAPETE","5.0167",NA,NA
"1423","SANTA RITA","5.0168",NA,NA
"1424","PUNTA SAN NICOLAS","5.0169","2611061",NA
"1425","SAN NICOLAS","5.0170","2611007",NA
"1426","LA ESPERANZA","5.0171","2602014","2602014"
"1427","BOCA EL CARDONAL","5.0172",NA,NA
"1428","ESTERO EL CARDONAL","5.0173",NA,NA
"1429","PLAYA CARDONAL","5.0174",NA,NA
"1430","EL CARDONAL","5.0175","2611008",NA
"1431","LAS OLAS","5.0176",NA,NA
"1432","LOS BURRITOS","5.0177",NA,NA
"1433","ESTERO TASTIOTA","5.0178",NA,NA
"1434","TASTIOTA","5.0179","2611011",NA
"1435","BOCA TASTIOTA","5.0180",NA,NA
"1436","LOS CORRALITOS","5.0181",NA,NA
"1437","PUNTA CHOYUDO","5.0182",NA,NA
"1438","LAS PALMAS SAN CARLOS","5.0183","2604005",NA
"1439","LOS JAPONESES","5.0184",NA,NA
"1440","ENSENADA CADENAS","5.0185",NA,NA
"1441","CERRO EL COLORADO","5.0186",NA,NA
"1442","BAHÍA EL COLORADO","5.0187",NA,NA
"1443","CAMPO EL COLORADO","5.0188",NA,NA
"1444","CERRO BOLA","5.0189",NA,NA
"1445","ROCA AIRE LIBRE","5.0190",NA,NA
"1446","BAHÍA SAN AGUSTIN","5.0191",NA,NA
"1447","CAMPO CERRO PRIETO","5.0192",NA,NA
"1448","ENSENADA LAS COCINAS","5.0193",NA,NA
"1449","RADA CERRO PRIETO","5.0194",NA,NA
"1450","CERRO PRIETO","5.0195","2611015",NA
"1451","ESTERO LAS COCINAS","5.0196","2607031",NA
"1452","PUNTA BALLENA","5.0197",NA,NA
"1453","RADA BARQUITO","5.0198",NA,NA
"1454","RADA EL PASITO","5.0199",NA,NA
"1455","ENSENADA DE MAREÑO","5.0200",NA,NA
"1456","PEÑA BLANCA","5.0201",NA,NA
"1457","ROCA EL CUCHADO","5.0202",NA,NA
"1458","PUNTA MAREÑO","5.0203",NA,NA
"1459","RADA PUERTO ESCONDIDO","5.0204",NA,NA
"1460","BAHÍA JOJOVAL","5.0205",NA,NA
"1461","EL CHOYUDO","5.0206","2611003",NA
"1462","ROCA BALLENA","5.0207",NA,NA
"1463","SAN AGUSTIN","5.0208","2611057",NA
"1464","ROCA VACA HECHADA","5.0209",NA,NA
"1465","ROCA EL MOLOTE","5.0210",NA,NA
"1466","CALETA VENECIA","5.0211",NA,NA
"1467","PUNTA PLOMA","5.0212",NA,NA
"1468","ENSENADA CHICA","5.0213","2604072",NA
"1469","CALA Y PUNTA SERI MUERTO","5.0214",NA,NA
"1470","CALETA LA AMARGA","5.0215",NA,NA
"1471","BAHÍA SAN PEDRO","5.0216",NA,NA
"1472","CALETA CHICA","5.0217",NA,NA
"1473","PUNTA HIMALAYA","5.0218",NA,NA
"1474","CALETA EL SUBMARINO","5.0219",NA,NA
"1475","ROCA LOS CHANGOS","5.0220",NA,NA
"1476","EL HIMALAYA","5.0221","2604022",NA
"1477","EL MEZQUITE","5.0222","2602009",NA
"1478","ENSENADA GRANDE (BAHIA SAN PEDRO)","5.0223","2604070",NA
"1479","PUNTA SAN PEDRO","5.0224",NA,NA
"1480","LAS PLAYAS DEL SUR","5.0225",NA,NA
"1481","PUNTA AMARILLA","5.0226",NA,NA
"1482","PUNTA AGUA ESCONDIDA","5.0227",NA,NA
"1483","BAHÍA LAS BARAJITAS","5.0228",NA,NA
"1484","BAHÍA LOS ANEGADOS","5.0229",NA,NA
"1485","EL RASTRO","5.0230","2604015",NA
"1486","ISLA SAN PEDRO NOLASCO","5.0231",NA,NA
"1487","SAN PEDRO NOLASCO","5.0232","2604012",NA
"1488","PUNTA SAN EDUARDO","5.0233",NA,NA
"1489","BAHÍA LAS BARAJAS","5.0234",NA,NA
"1490","PUNTA LA MANGA","5.0235",NA,NA
"1491","LA MANGA","5.0236","2604010",NA
"1492","EL PALMAR","5.0237",NA,NA
"1493","ISLA EL VENADO","5.0238",NA,NA
"1494","ENSENADA ALGODONES","5.0239",NA,NA
"1495","PUNTA SAN ANTΟΝΙΟ","5.0240",NA,NA
"1496","PUNTA SAN ANTΟΝΙΟ","5.0241",NA,NA
"1497","PUNTA DOBLE","5.0242",NA,NA
"1498","SECTOR BAHIA","5.0243",NA,NA
"1499","SAN CARLOS","5.0244","2604007",NA
"1500","BAHÍA SAN FRANCISCO","5.0245",NA,NA
"1501","EL PILAR","5.0246",NA,"2604009"
"1502","ESTERO EL SOLDADO","5.0247",NA,NA
"1503","ISLA EL PASTEL","5.0248",NA,NA
"1504","PUNTA BOCO","5.0249",NA,NA
"1505","LAS TINAJAS","5.0250",NA,NA
"1506","ESTERO BACOCHIBAMPO","5.0251",NA,NA
"1507","ENSENADA BACOCHIBAMPO","5.0252",NA,NA
"1508","ISLA PERUANA","5.0253",NA,NA
"1509","MIRAMAR SAN CARLOS","5.0254",NA,NA
"1510","ESCUELA SUPERIOR DE CIENCIAS MARINAS","5.0255",NA,NA
"1511","LA AΝΤΕΝΑ","5.0256","2604056",NA
"1512","LA BANDERA","5.0257","2604001",NA
"1513","BAHÍA LA SALINITA","5.0258",NA,NA
"1514","ISLA LAS GRINGAS","5.0259",NA,NA
"1515","PUNTA COLORADA","5.0260","2604087",NA
"1516","PUNTA POTRERITOS","5.0261",NA,NA
"1517","PARAJE VIEJO","5.0262","2604017",NA
"1518","PUNTA EL MEZQUITE","5.0263",NA,NA
"1519","ENSENADA EL CENTINELA","5.0264",NA,NA
"1520","PUNTA SAN RAFAEL","5.0265",NA,NA
"1521","PUNTA COCHINO","5.0266",NA,NA
"1522","ENSENADA COCHINO PELADO","5.0267",NA,NA
"1523","CABO HARO","5.0268","2604004",NA
"1524","ENSENADA LA IGLESIA","5.0269",NA,NA
"1525","PUNTA NARIZONA","5.0270",NA,NA
"1526","PUNTA MARÍA","5.0271",NA,NA
"1527","BAHÍA PARAJE VIEJO","5.0272",NA,NA
"1528","PUNTA VENTANA","5.0273",NA,NA
"1529","ENSENADA ZAUANCITO","5.0274",NA,NA
"1530","ISLA SAN VICENTE","5.0275",NA,NA
"1531","PUNTA PAZ","5.0276",NA,NA
"1532","PUNTA COYOTE","5.0277",NA,NA
"1533","ISLA PITAHAYOSA","5.0278",NA,NA
"1534","PUNTA MERO","5.0279",NA,NA
"1535","ISLA PÁJAROS","5.0280",NA,NA
"1536","PUNTA BAJA","5.0281","2611053",NA
"1537","LAS PLAYITAS","5.0282","2604014",NA
"1538","ISLA MELLIZAS","5.0283",NA,NA
"1539","ISLA ALMAGRE CHICO","5.0284",NA,NA
"1540","ISLA ALMAGRE GRANDE","5.0285",NA,NA
"1541","GUAYMAS","5.0286","2604006","2604006"
"1542","PUNTA LASTRE","5.0287",NA,NA
"1543","EL PATIO (ESTACION DE TREN)","5.0288",NA,NA
"1544","PUNTA GORDA","5.0289","2603006",NA
"1545","PUNTA BATUECAS","5.0290",NA,NA
"1546","ISLA TIO RAMON","5.0291",NA,NA
"1547","PUNTA LA QUEMADORA","5.0292",NA,NA
"1548","PUNTA BLANCA SUR","5.0293",NA,NA
"1549","SAN JOSE DE GUAYMAS","5.0294",NA,NA
"1550","ISLA BATEA","5.0295",NA,NA
"1551","ESTERO EL RANCHO","5.0296",NA,NA
"1552","PESQUERIA EMPALME","5.0297",NA,NA
"1553","EMPALME","5.0298",NA,NA
"1554","PESQUERA MÉXICO","5.0299","2604016",NA
"1555","BAHÍA EMPALME","5.0300",NA,NA
"1556","ESTERO COCHORE","5.0301",NA,NA
"1557","SALINAS DEL SUR","5.0302","2603011",NA
"1558","PLAYA LOS DOLORES","5.0303",NA,NA
"1559","BARRA EL MORRITO","5.0304",NA,NA
"1560","ISLA EL MORRITO","5.0305",NA,NA
"1561","BAHÍA INTERIOR","5.0306",NA,NA
"1562","BAHÍA GUAYMAS","5.0307",NA,NA
"1563","PLAYA LOS DOLORES DOS","5.0308",NA,NA
"1564","COCHORIT","5.0309","2604052",NA
"1565","PLAYA DEL COCHORIT","5.0310",NA,NA
"1566","PUNTA CALAVERAS","5.0311","2604055",NA
"1567","RINCON DE LEÓN","5.0312",NA,NA
"1568","CHIRAHUAL","5.0313",NA,NA
"1569","CHILTEPIN","5.0314",NA,NA
"1570","GUASIMAS","5.0315","2604026",NA
"1571","PUNTA. CALAVERA","5.0316",NA,NA
"1572","MAPOLI","5.0317",NA,NA
"1573","BACERAN","5.0318",NA,NA
"1574","BAHÍA GUASIMAS","5.0319",NA,NA
"1575","BAHÍA EL CIEGO","5.0320",NA,NA
"1576","BOCA DE PIEDRA","5.0321",NA,NA
"1577","ISLA ALGODONES","5.0322",NA,NA
"1578","ESTERO RIO MUERTO","5.0323",NA,NA
"1579","ESTERO LA TORTUGA","5.0324",NA,NA
"1580","BARRA RIO MUERTO","5.0325",NA,NA
"1581","BOCA LAS CRUCES","5.0326",NA,NA
"1582","ESTERO LAS CRUCES","5.0327",NA,NA
"1583","ESTERO EL TECOLOTE","5.0328",NA,NA
"1584","ESTERO SANTO DOMINGO","5.0329",NA,NA
"1585","LOS ALGODONES","5.0330","2604008",NA
"1586","CAMPO LOS ALGODONES","5.0331",NA,NA
"1587","ESTERO CAMPOCHI","5.0332",NA,NA
"1588","CAMPOCHI","5.0333","2604061",NA
"1589","ESTERO SIUTI","5.0334",NA,NA
"1590","BOCA DEL RIO YAQUI","5.0335",NA,NA
"1591","BALNEARIO VENECIA","5.0336","2604019",NA
"1592","PLAYA DEL SOL","5.0337","2604036",NA
"1593","PLAYA ESPERANZA","5.0338",NA,NA
"1594","EL TOMATE","5.0339","2611016",NA
"1595","CAMPO EL TOMATE","5.0340","2604011","02611016"
"1596","LA LUNA","5.0341","2604069",NA
"1597","EL MIRADOR","5.0342",NA,NA
"1598","ESTERO BAIRA","5.0343",NA,NA
"1599","ESTERO SAN JOSE DE BACUM","5.0344",NA,NA
"1600","CAMPO PESQ. DONDE CANTO LA PALOMA (PUNTA PALOMA)","5.0345",NA,NA
"1601","ESTERO PALOMAS","5.0346",NA,NA
"1602","ESTERO DE LA LUNA","5.0347","2604062",NA
"1603","ESTERO SAN FRANCISQUITO","5.0348",NA,NA
"1604","ESTERO PITAYA","5.0349",NA,NA
"1605","BOCA NORTE DE LA BAHÍA LOBOS","5.0350",NA,NA
"1606","BOCA LAS PIEDRAS","5.0351",NA,NA
"1607","BOCANITAS","5.0352","2611056",NA
"1608","ESTERO GUAICARI","5.0353",NA,NA
"1609","RIO YAQUI","5.0354",NA,NA
"1610","ESTERO LA PIEDRITAS","5.0355",NA,NA
"1611","ESTERO LA CULEBRA","5.0356",NA,NA
"1612","PUNTA AGUJA","5.0357",NA,NA
"1613","ENSENADA EL BOSQUE","5.0358",NA,NA
"1614","LILIBA","5.0359",NA,NA
"1615","ESTERO LOBOS","5.0360",NA,NA
"1616","ISLA LOBOS","5.0361",NA,NA
"1617","PLAYA PUNTA LOBOS","5.0362","2607007",NA
"1618","PUNTA LOBOS","5.0363","2604003",NA
"1619","VALLE DEL YAQUI","5.0364","2609014",NA
"1620","ENSENADA EL RIEL","5.0365",NA,NA
"1621","ESTERO EL MEZQUITE","5.0366",NA,NA
"1622","ENSENADA TOSALCAHUI","5.0367",NA,NA
"1623","BAHÍA LOBOS","5.0368","2604009",NA
"1624","BOCA SUR DE LOBOS","5.0369","2602032",NA
"1625","BOCA SUR","5.0370",NA,NA
"1626","LOS MOGOTES","5.0371","2611064",NA
"1627","EL MOGOTE (I. LOS MOGOTES)","5.0372","2611004",NA
"1628","BAHÍA TOSALCAHUI","5.0373","2602008",NA
"1629","PLAYA TOSALCAHUI","5.0374",NA,NA
"1630","CATAPONI","5.0375","2602001",NA
"1631","ESTERO EL MEZQUITE","5.0376",NA,NA
"1632","LOBOS","5.0377",NA,NA
"1633","LA VUIDA","5.0378",NA,NA
"1634","ESTERO NALAGA DE HUILE","5.0379",NA,NA
"1635","LOS MELAGOS","5.0380",NA,NA
"1636","BOCA LOS MELAGOS","5.0381",NA,NA
"1637","ESTERO LOS MELAGOS","5.0382",NA,NA
"1638","LOS MEDANOS","5.0383",NA,NA
"1639","BOCA SANTO DOMINGO","5.0384",NA,NA
"1640","LA ATANASIA","5.0385","2602024",NA
"1641","ATANASIA","5.0386",NA,NA
"1642","BOCA LA ANTANASIA","5.0387",NA,NA
"1643","BOCA SAN JOSE","5.0388",NA,NA
"1644","SAN JOSE","5.0389","2604013",NA
"1645","PLAYA SAN JOSE CENTRO","5.0390","2602018",NA
"1646","SANTA MARÍA","5.0391",NA,NA
"1647","ESTERO SAN JOSE DE BACUM","5.0392","2602007",NA
"1648","PLAYA LOS HALCONES","5.0393",NA,NA
"1649","ESTERO PITAHAYA","5.0394",NA,NA
"1650","BOCA NORTE","5.0395",NA,NA
"1651","BAHÍA DEL TOBARI","5.0396",NA,NA
"1652","ISLA HUIVULAI","5.0397",NA,NA
"1653","ESTERO TOBARI","5.0398",NA,NA
"1654","PAREDONES","5.0399","2607030",NA
"1655","VALLE YAQUI MAYO","5.0400","2609028",NA
"1656","LAGUNA TOBARI","5.0401",NA,NA
"1657","PAREDONCITO","5.0402","2602003",NA
"1658","PUNTA SUR DEL TOBARI","5.0403","2602016",NA
"1659","BAHÍA TOBARI","5.0404","2602002",NA
"1660","PLAYA SAN JOSÉ SUR","5.0405",NA,NA
"1661","PAREDON COLORADO","5.0406","2609022",NA
"1662","ESTERO SIARI","5.0407",NA,NA
"1663","ENSENADA EL GALLO","5.0408",NA,NA
"1664","ESTERO EL CONCHALITO","5.0409",NA,NA
"1665","CAMPO LAS AMARILLAS","5.0410","2607037",NA
"1666","BOCA SUR DEL TOBARI","5.0411","2602015",NA
"1667","ISLA TOBARITO","5.0412",NA,NA
"1668","ESTERO EL TOBARITO","5.0413",NA,NA
"1669","ESTERO CUBUJA","5.0414",NA,NA
"1670","EL SIANI","5.0415",NA,NA
"1671","AQUIROPO","5.0416","2609003",NA
"1672","ESTERO AQUIROPO","5.0417",NA,NA
"1673","BOCA JUPATECA","5.0418",NA,NA
"1674","ESTERO RIYITO","5.0419",NA,NA
"1675","ESTERO BURUBAMPO","5.0420","2609008",NA
"1676","BOCA DEL RÍO MAYO","5.0421",NA,NA
"1677","LAGUNA TECUCURI","5.0422",NA,NA
"1678","ESTERO BARBARA","5.0423",NA,NA
"1679","BAHÍA SANTA MARIA","5.0424",NA,NA
"1680","ESTERO MORONCORIT","5.0425",NA,NA
"1681","GUATABAMPITO","5.0426","2609011",NA
"1682","BAHÍA SANTA BARBARA","5.0427","2609001",NA
"1683","SANTA BARBARA","5.0428","2609019",NA
"1684","PUNTA OTANHUISA","5.0429",NA,NA
"1685","YAVAROS","5.0430","2609017",NA
"1686","BOCA DEL RÍO","5.0431","2609024",NA
"1687","BACHOCO","5.0432","2609020",NA
"1688","REPRESO BACHOCO","5.0433","2609033",NA
"1689","BAHÍA YAVAROS","5.0434","2609006",NA
"1690","ISLA LAS VIEJAS","5.0435",NA,NA
"1691","PUNTA LA LOBERA","5.0436",NA,NA
"1692","ISLA ABANAUA","5.0437",NA,NA
"1693","PNT. LA LOBERA","5.0438",NA,NA
"1694","TOJAUI","5.0439",NA,NA
"1695","BAHÍA BACHOCO","5.0440","2609007",NA
"1696","PUNTA JIMAROHUISA","5.0441",NA,NA
"1697","ESTERO LAS BOCAS","5.0442",NA,NA
"1698","LAS BOCAS","5.0443","2609002",NA
"1699","EL DATÍL","5.0444","2611059",NA
"1700","BACHOMOJAQUI","5.0445",NA,NA
"1701","CAMAHUIROA","5.0446","2609015",NA
"1702","LAGUNA BAROCHIPA","5.0447","2609026",NA
"1703","EL RIITO","5.0448","2609010",NA
"1704","LAS SALINAS","5.0449",NA,NA
"1705","ESTERO BAMOCHA","5.0450",NA,NA
"1706","NAUPATIA","5.0451",NA,NA
"1707","EL SIARIC","5.0452","2609009",NA
"1708","ISLA ABANHUA","5.0453",NA,NA
"1709","ESTERO UVABO","5.0454",NA,NA
"1710","ISLA MAZOCARIT","5.0455",NA,NA
"1711","PUNTA NORTE","5.0456",NA,NA
"1712","PUNTA SUR","5.0457",NA,NA
"1713","BARRA SALINA","5.0458",NA,NA
"1714","PENÍNSULA DE BAMOCHA","5.0459",NA,NA
"1715","ISLA PUNTA COLORADA","5.0460",NA,NA
"1716","LOS BAÑOS","5.0461","2604020",NA
"1717","MUELLE BAÑOS","5.0462","2604088",NA
"1718","ESTERO AGIABAMPO","5.0463",NA,NA
"1719","BAHIA AGIABAMPO","5.0464","2609005",NA
"1720","AGIABAMPO","5.0465","2609021",NA
"1721","ESTERO EL MUEY","5.0466",NA,NA
"1722","ESTACIÓN DON","5.0467","2611018",NA
"1723","ESTERO BACOREUIS","5.0468",NA,NA
"1724","NAVOPATIA","5.0469",NA,NA
"1725","JITZAMURI","5.0470",NA,NA
"1726","BAHIA JITZAMURI","5.0471",NA,NA
"1727","ESTERO BANDERAS","5.0472",NA,NA
"1728","ESTERO REMOLINO","5.0473",NA,NA
